org.apache.spark.deploy.SparkSubmit --master spark://spark-master:7077 --class es.upm.dit.ging.predictor.MakePrediction --packages org.mongodb.spark:mongo-spark-connector_2.12:10.4.1,org.apache.spark:spark-sql-kafka-0-10_2.12:3.5.3 target/scala-2.12/flight_prediction_2.12-0.1.jar

Host: Intel(R) Core(TM) i7-8565U CPU @ 1.80GHz, 8 cores, 15G, Ubuntu 20.04.6 LTS
Time: Wed Jan  7 00:08:20 2026 UTC elapsed time: 358.225509 seconds (0d 0h 5m 58s)

---------------  T H R E A D  ---------------

Current thread (0x00007f52301d2000):  WatcherThread [stack: 0x00007f5208111000,0x00007f5208211000] [id=41]

Stack: [0x00007f5208111000,0x00007f5208211000],  sp=0x00007f520820fd30,  free space=1019k
Native frames: (J=compiled Java code, A=aot compiled Java code, j=interpreted, Vv=VM code, C=native code)
V  [libjvm.so+0xcca37e]  PerfLongVariant::sample()+0x1e
V  [libjvm.so+0xe35ead]  StatSamplerTask::task()+0x3d
V  [libjvm.so+0xeb048c]  PeriodicTask::real_time_tick(int)+0xac
V  [libjvm.so+0xed9b04]  WatcherThread::run()+0x64
V  [libjvm.so+0xedefaf]  Thread::call_run()+0x14f
V  [libjvm.so+0xc7d336]  thread_native_entry(Thread*)+0xe6


siginfo: si_signo: 7 (SIGBUS), si_code: 2 (BUS_ADRERR), si_addr: 0x00007f5234490950

Register to memory mapping:

RAX=0x000000535bd383e6 is an unknown value
RBX=0x00007f5234490950 points into unknown readable memory: 0x000000535846fc76 | 76 fc 46 58 53 00 00 00
RCX=0x000000000241cfac is an unknown value
RDX=0x0 is NULL
RSP=0x00007f520820fd30 points into unknown readable memory: 0x00007f520820fd40 | 40 fd 20 08 52 7f 00 00
RBP=0x00007f520820fd40 points into unknown readable memory: 0x00007f520820fd70 | 70 fd 20 08 52 7f 00 00
RSI=0x00007f520820fd10 points into unknown readable memory: 0x0000000000004b62 | 62 4b 00 00 00 00 00 00
RDI=0x0000000000000001 is an unknown value
R8 =0x00007f5236779010 points into unknown readable memory: 0x00000396d4e5fc9d | 9d fc e5 d4 96 03 00 00
R9 =0x000000000241cfac is an unknown value
R10=0x0 is NULL
R11=0x00007f5236779000 points into unknown readable memory: 0x000000010241d19c | 9c d1 41 02 01 00 00 00
R12=0x0000000000000008 is an unknown value
R13=0x00007f52301d1eb0 points into unknown readable memory: 0x00007f52301d1ed0 | d0 1e 1d 30 52 7f 00 00
R14=0x0000000000000002 is an unknown value
R15=0x0000000000000001 is an unknown value


Registers:
RAX=0x000000535bd383e6, RBX=0x00007f5234490950, RCX=0x000000000241cfac, RDX=0x0000000000000000
RSP=0x00007f520820fd30, RBP=0x00007f520820fd40, RSI=0x00007f520820fd10, RDI=0x0000000000000001
R8 =0x00007f5236779010, R9 =0x000000000241cfac, R10=0x0000000000000000, R11=0x00007f5236779000
R12=0x0000000000000008, R13=0x00007f52301d1eb0, R14=0x0000000000000002, R15=0x0000000000000001
RIP=0x00007f5235a2937e, EFLAGS=0x0000000000010202, CSGSFS=0x002b000000000033, ERR=0x0000000000000007
  TRAPNO=0x000000000000000e

Top of Stack: (sp=0x00007f520820fd30)
0x00007f520820fd30:   00007f520820fd40 0000000000000001
0x00007f520820fd40:   00007f520820fd70 00007f5235b94ead
0x00007f520820fd50:   00007f52301d2000 0000000000000032
0x00007f520820fd60:   00007f5236316a00 0000000000000001 

Instructions: (pc=0x00007f5235a2937e)
0x00007f5235a2927e:   48 83 c4 08 5b 41 5c 41 5d 41 5e 41 5f 5d c3 0f
0x00007f5235a2928e:   1f 00 f0 83 04 24 00 4c 8d 2d e4 79 8e 00 41 83
0x00007f5235a2929e:   7d 00 01 0f 85 66 fd ff ff 48 8b 03 48 8d 15 2f
0x00007f5235a292ae:   88 83 ff 48 8b 40 28 48 39 d0 0f 85 82 00 00 00
0x00007f5235a292be:   48 8b 83 08 01 00 00 48 c1 e8 03 83 e0 01 e9 4a
0x00007f5235a292ce:   fd ff ff 0f 1f 80 00 00 00 00 f0 83 04 24 00 e9
0x00007f5235a292de:   b7 fd ff ff 66 0f 1f 44 00 00 f0 83 04 24 00 41
0x00007f5235a292ee:   83 7d 00 01 0f 85 9c fe ff ff 48 8b 03 48 8d 15
0x00007f5235a292fe:   de 87 83 ff 48 8b 40 28 48 39 d0 75 25 48 8b 83
0x00007f5235a2930e:   08 01 00 00 48 c1 e8 03 83 e0 01 e9 84 fe ff ff
0x00007f5235a2931e:   66 90 f0 83 04 24 00 e9 30 ff ff ff 66 0f 1f 44
0x00007f5235a2932e:   00 00 48 89 df ff d0 84 c0 0f 84 57 fe ff ff eb
0x00007f5235a2933e:   cc 90 48 89 df ff d0 84 c0 0f 84 c0 fc ff ff e9
0x00007f5235a2934e:   6c ff ff ff 66 2e 0f 1f 84 00 00 00 00 00 0f 1f
0x00007f5235a2935e:   40 00 48 89 f8 48 8b 7f 38 48 85 ff 74 24 55 48
0x00007f5235a2936e:   89 e5 53 48 83 ec 08 48 8b 58 28 48 8b 07 ff 10
0x00007f5235a2937e:   48 89 03 48 83 c4 08 5b 5d c3 0f 1f 84 00 00 00
0x00007f5235a2938e:   00 00 f3 c3 0f 1f 40 00 66 2e 0f 1f 84 00 00 00
0x00007f5235a2939e:   00 00 55 48 8b 4f 28 48 89 f0 48 63 f2 48 8d 15
0x00007f5235a293ae:   15 a7 38 00 48 89 c7 48 89 e5 31 c0 5d 48 8b 09
0x00007f5235a293be:   e9 c5 b4 5b ff 90 66 90 66 2e 0f 1f 84 00 00 00
0x00007f5235a293ce:   00 00 55 48 8b 4f 28 48 89 f0 48 63 f2 48 8d 15
0x00007f5235a293de:   39 34 35 00 48 89 c7 48 89 e5 31 c0 5d e9 98 b4
0x00007f5235a293ee:   5b ff 55 48 8d 05 18 73 87 00 48 89 e5 41 57 41
0x00007f5235a293fe:   56 41 55 41 54 49 89 d5 53 48 63 d6 48 89 fb 41
0x00007f5235a2940e:   89 f4 48 83 ec 08 48 89 07 48 8d 05 62 ca 89 00
0x00007f5235a2941e:   44 89 47 10 89 4f 14 48 c7 47 08 00 00 00 00 c6
0x00007f5235a2942e:   47 18 00 48 c7 47 28 00 00 00 00 4c 8b 34 d0 4c
0x00007f5235a2943e:   89 ef e8 2b b6 5b ff 49 89 c7 4c 89 f7 e8 20 b6
0x00007f5235a2944e:   5b ff 49 8d 7c 07 02 31 d2 be 07 00 00 00 e8 bf
0x00007f5235a2945e:   40 77 ff 41 83 fc 18 48 89 43 08 74 55 48 8d 35
0x00007f5235a2946e:   71 80 37 00 4c 89 f2 48 89 c7 4c 89 e9 31 c0 e8 


Stack slot to memory mapping:
stack at sp + 0 slots: 0x00007f520820fd40 points into unknown readable memory: 0x00007f520820fd70 | 70 fd 20 08 52 7f 00 00
stack at sp + 1 slots: 0x0000000000000001 is an unknown value
stack at sp + 2 slots: 0x00007f520820fd70 points into unknown readable memory: 0x00007f520820fdc0 | c0 fd 20 08 52 7f 00 00
stack at sp + 3 slots: 0x00007f5235b94ead: <offset 0x0000000000e35ead> in /opt/java/openjdk/lib/server/libjvm.so at 0x00007f5234d5f000
stack at sp + 4 slots: 0x00007f52301d2000 points into unknown readable memory: 0x00007f52361f5a18 | 18 5a 1f 36 52 7f 00 00
stack at sp + 5 slots: 0x0000000000000032 is an unknown value
stack at sp + 6 slots: 0x00007f5236316a00: <offset 0x00000000015b7a00> in /opt/java/openjdk/lib/server/libjvm.so at 0x00007f5234d5f000
stack at sp + 7 slots: 0x0000000000000001 is an unknown value


---------------  P R O C E S S  ---------------

Threads class SMR info:
_java_thread_list=0x00007f51b0000fc0, length=72, elements={
0x00007f523002b000, 0x00007f523017a800, 0x00007f523017d000, 0x00007f5230182800,
0x00007f5230184800, 0x00007f5230186800, 0x00007f5230188800, 0x00007f523018a800,
0x00007f52301ce800, 0x00007f52322a0800, 0x00007f5230bb2800, 0x00007f5230bb8800,
0x00007f5230bba000, 0x00007f5230bbb800, 0x00007f5230bbd800, 0x00007f5230bbf000,
0x00007f5230bc1000, 0x00007f5230bc3000, 0x00007f5230bc5000, 0x00007f5230bfe000,
0x00007f5230c0c800, 0x00007f5230c0e800, 0x00007f5230c13000, 0x00007f5230c14800,
0x00007f5230c16800, 0x00007f5230c18800, 0x00007f5230c1a800, 0x00007f5231ef0000,
0x00007f5231f97800, 0x00007f5231f99000, 0x00007f52313cb000, 0x00007f52313cc800,
0x00007f52313ce800, 0x00007f52313d0000, 0x00007f52313d2000, 0x00007f52313d3800,
0x00007f52313d5800, 0x00007f52313d7000, 0x00007f523142e800, 0x00007f5134001800,
0x00007f5138014000, 0x00007f5231435800, 0x00007f5231437000, 0x00007f5231468800,
0x00007f5128002800, 0x00007f5231484000, 0x00007f5231489800, 0x00007f519c004800,
0x00007f5118016800, 0x00007f5232331800, 0x00007f523150b800, 0x00007f523150d800,
0x00007f5231514000, 0x00007f5231516000, 0x00007f512402b800, 0x00007f5231aae000,
0x00007f51a8003800, 0x00007f51a8009000, 0x00007f51a800a000, 0x00007f51a800c000,
0x00007f51a800e000, 0x00007f51a800f800, 0x00007f5120056800, 0x00007f512806f000,
0x00007f5120063000, 0x00007f5128072800, 0x00007f5128074800, 0x00007f512807b800,
0x00007f51bc035800, 0x00007f50fc5a8000, 0x00007f50fc4e6000, 0x00007f5118198800
}

Java Threads: ( => current thread )
  0x00007f523002b000 JavaThread "main" [_thread_blocked, id=26, stack(0x00007f5234b0f000,0x00007f5234c10000)]
  0x00007f523017a800 JavaThread "Reference Handler" daemon [_thread_blocked, id=33, stack(0x00007f5208bfe000,0x00007f5208cff000)]
  0x00007f523017d000 JavaThread "Finalizer" daemon [_thread_blocked, id=34, stack(0x00007f5208afd000,0x00007f5208bfe000)]
  0x00007f5230182800 JavaThread "Signal Dispatcher" daemon [_thread_blocked, id=35, stack(0x00007f5208716000,0x00007f5208817000)]
  0x00007f5230184800 JavaThread "Service Thread" daemon [_thread_blocked, id=36, stack(0x00007f5208615000,0x00007f5208716000)]
  0x00007f5230186800 JavaThread "C2 CompilerThread0" daemon [_thread_blocked, id=37, stack(0x00007f5208514000,0x00007f5208615000)]
  0x00007f5230188800 JavaThread "C1 CompilerThread0" daemon [_thread_blocked, id=38, stack(0x00007f5208413000,0x00007f5208514000)]
  0x00007f523018a800 JavaThread "Sweeper thread" daemon [_thread_blocked, id=39, stack(0x00007f5208312000,0x00007f5208413000)]
  0x00007f52301ce800 JavaThread "Common-Cleaner" daemon [_thread_blocked, id=40, stack(0x00007f5208211000,0x00007f5208312000)]
  0x00007f52322a0800 JavaThread "org.apache.hadoop.fs.FileSystem$Statistics$StatisticsDataReferenceCleaner" daemon [_thread_blocked, id=82, stack(0x00007f51da2b8000,0x00007f51da3b9000)]
  0x00007f5230bb2800 JavaThread "rpc-boss-3-1" daemon [_thread_in_native, id=83, stack(0x00007f51d9cfc000,0x00007f51d9dfd000)]
  0x00007f5230bb8800 JavaThread "dispatcher-event-loop-0" daemon [_thread_blocked, id=84, stack(0x00007f51d8efd000,0x00007f51d8ffe000)]
  0x00007f5230bba000 JavaThread "dispatcher-event-loop-1" daemon [_thread_blocked, id=85, stack(0x00007f51d84ff000,0x00007f51d8600000)]
  0x00007f5230bbb800 JavaThread "dispatcher-event-loop-2" daemon [_thread_blocked, id=86, stack(0x00007f51d83fe000,0x00007f51d84ff000)]
  0x00007f5230bbd800 JavaThread "dispatcher-event-loop-3" daemon [_thread_blocked, id=87, stack(0x00007f51d82fd000,0x00007f51d83fe000)]
  0x00007f5230bbf000 JavaThread "dispatcher-event-loop-4" daemon [_thread_blocked, id=88, stack(0x00007f51d81fc000,0x00007f51d82fd000)]
  0x00007f5230bc1000 JavaThread "dispatcher-event-loop-5" daemon [_thread_blocked, id=89, stack(0x00007f51d80fb000,0x00007f51d81fc000)]
  0x00007f5230bc3000 JavaThread "dispatcher-event-loop-6" daemon [_thread_blocked, id=90, stack(0x00007f5197eff000,0x00007f5198000000)]
  0x00007f5230bc5000 JavaThread "dispatcher-event-loop-7" daemon [_thread_blocked, id=91, stack(0x00007f5197dfe000,0x00007f5197eff000)]
  0x00007f5230bfe000 JavaThread "map-output-dispatcher-0" daemon [_thread_blocked, id=92, stack(0x00007f5197cfd000,0x00007f5197dfe000)]
  0x00007f5230c0c800 JavaThread "map-output-dispatcher-1" daemon [_thread_blocked, id=93, stack(0x00007f5197bfc000,0x00007f5197cfd000)]
  0x00007f5230c0e800 JavaThread "map-output-dispatcher-2" daemon [_thread_blocked, id=94, stack(0x00007f5197afb000,0x00007f5197bfc000)]
  0x00007f5230c13000 JavaThread "map-output-dispatcher-3" daemon [_thread_blocked, id=95, stack(0x00007f51979fa000,0x00007f5197afb000)]
  0x00007f5230c14800 JavaThread "map-output-dispatcher-4" daemon [_thread_blocked, id=96, stack(0x00007f51978f9000,0x00007f51979fa000)]
  0x00007f5230c16800 JavaThread "map-output-dispatcher-5" daemon [_thread_blocked, id=97, stack(0x00007f51977f8000,0x00007f51978f9000)]
  0x00007f5230c18800 JavaThread "map-output-dispatcher-6" daemon [_thread_blocked, id=98, stack(0x00007f51976f7000,0x00007f51977f8000)]
  0x00007f5230c1a800 JavaThread "map-output-dispatcher-7" daemon [_thread_blocked, id=99, stack(0x00007f51975f6000,0x00007f51976f7000)]
  0x00007f5231ef0000 JavaThread "dispatcher-BlockManagerMaster" daemon [_thread_blocked, id=100, stack(0x00007f51974f5000,0x00007f51975f6000)]
  0x00007f5231f97800 JavaThread "dispatcher-BlockManagerEndpoint1" daemon [_thread_blocked, id=101, stack(0x00007f51970ff000,0x00007f5197200000)]
  0x00007f5231f99000 JavaThread "RemoteBlock-temp-file-clean-thread" daemon [_thread_blocked, id=102, stack(0x00007f5196ffe000,0x00007f51970ff000)]
  0x00007f52313cb000 JavaThread "SparkUI-69" daemon [_thread_in_native, id=103, stack(0x00007f5196efd000,0x00007f5196ffe000)]
  0x00007f52313cc800 JavaThread "SparkUI-70" daemon [_thread_in_native, id=104, stack(0x00007f5196aff000,0x00007f5196c00000)]
  0x00007f52313ce800 JavaThread "SparkUI-71" daemon [_thread_in_native, id=105, stack(0x00007f51969fe000,0x00007f5196aff000)]
  0x00007f52313d0000 JavaThread "SparkUI-72" daemon [_thread_in_native, id=106, stack(0x00007f51968fd000,0x00007f51969fe000)]
  0x00007f52313d2000 JavaThread "SparkUI-73-acceptor-0@38d767e5-ServerConnector@36108e8f{HTTP/1.1, (http/1.1)}{0.0.0.0:4040}" daemon [_thread_in_native, id=107, stack(0x00007f51967fc000,0x00007f51968fd000)]
  0x00007f52313d3800 JavaThread "SparkUI-74" daemon [_thread_blocked, id=108, stack(0x00007f51966fb000,0x00007f51967fc000)]
  0x00007f52313d5800 JavaThread "SparkUI-75" daemon [_thread_blocked, id=109, stack(0x00007f51965fa000,0x00007f51966fb000)]
  0x00007f52313d7000 JavaThread "SparkUI-76" daemon [_thread_blocked, id=110, stack(0x00007f51964f9000,0x00007f51965fa000)]
  0x00007f523142e800 JavaThread "dispatcher-HeartbeatReceiver" daemon [_thread_blocked, id=111, stack(0x00007f51963f8000,0x00007f51964f9000)]
  0x00007f5134001800 JavaThread "heartbeat-receiver-event-loop-thread" daemon [_thread_blocked, id=112, stack(0x00007f51962f7000,0x00007f51963f8000)]
  0x00007f5138014000 JavaThread "netty-rpc-env-timeout" daemon [_thread_blocked, id=113, stack(0x00007f51961f6000,0x00007f51962f7000)]
  0x00007f5231435800 JavaThread "task-starvation-timer" daemon [_thread_blocked, id=114, stack(0x00007f51960f5000,0x00007f51961f6000)]
  0x00007f5231437000 JavaThread "task-abort-timer" daemon [_thread_blocked, id=115, stack(0x00007f5195ff4000,0x00007f51960f5000)]
  0x00007f5231468800 JavaThread "dispatcher-CoarseGrainedScheduler" daemon [_thread_blocked, id=116, stack(0x00007f5195ef3000,0x00007f5195ff4000)]
  0x00007f5128002800 JavaThread "driver-revive-thread" daemon [_thread_blocked, id=117, stack(0x00007f5195aff000,0x00007f5195c00000)]
  0x00007f5231484000 JavaThread "dag-scheduler-event-loop" daemon [_thread_blocked, id=118, stack(0x00007f51959fe000,0x00007f5195aff000)]
  0x00007f5231489800 JavaThread "driver-heartbeater" daemon [_thread_blocked, id=119, stack(0x00007f51958fd000,0x00007f51959fe000)]
  0x00007f519c004800 JavaThread "appclient-registration-retry-thread" daemon [_thread_blocked, id=121, stack(0x00007f51956fb000,0x00007f51957fc000)]
  0x00007f5118016800 JavaThread "rpc-client-1-1" daemon [_thread_in_native, id=123, stack(0x00007f51954f9000,0x00007f51955fa000)]
  0x00007f5232331800 JavaThread "shuffle-boss-6-1" daemon [_thread_in_native, id=124, stack(0x00007f5194cff000,0x00007f5194e00000)]
  0x00007f523150b800 JavaThread "Spark Context Cleaner" daemon [_thread_blocked, id=125, stack(0x00007f51948ff000,0x00007f5194a00000)]
  0x00007f523150d800 JavaThread "context-cleaner-periodic-gc" daemon [_thread_blocked, id=126, stack(0x00007f51947fe000,0x00007f51948ff000)]
  0x00007f5231514000 JavaThread "spark-listener-group-appStatus" daemon [_thread_blocked, id=127, stack(0x00007f51946fd000,0x00007f51947fe000)]
  0x00007f5231516000 JavaThread "spark-listener-group-executorManagement" daemon [_thread_blocked, id=128, stack(0x00007f51945fc000,0x00007f51946fd000)]
  0x00007f512402b800 JavaThread "element-tracking-store-worker" daemon [_thread_blocked, id=129, stack(0x00007f51944fb000,0x00007f51945fc000)]
  0x00007f5231aae000 JavaThread "spark-listener-group-shared" daemon [_thread_blocked, id=130, stack(0x00007f51940ff000,0x00007f5194200000)]
  0x00007f51a8003800 JavaThread "rpc-server-4-1" daemon [_thread_in_native, id=135, stack(0x00007f51138db000,0x00007f51139dc000)]
  0x00007f51a8009000 JavaThread "rpc-server-4-2" daemon [_thread_in_native, id=136, stack(0x00007f5112efe000,0x00007f5112fff000)]
  0x00007f51a800a000 JavaThread "rpc-server-4-3" daemon [_thread_in_native, id=137, stack(0x00007f51129fc000,0x00007f5112afd000)]
  0x00007f51a800c000 JavaThread "rpc-server-4-4" daemon [_thread_in_native, id=138, stack(0x00007f51124fa000,0x00007f51125fb000)]
  0x00007f51a800e000 JavaThread "rpc-server-4-5" daemon [_thread_in_native, id=139, stack(0x00007f5111ff8000,0x00007f51120f9000)]
  0x00007f51a800f800 JavaThread "rpc-server-4-6" daemon [_thread_in_native, id=140, stack(0x00007f5111af6000,0x00007f5111bf7000)]
  0x00007f5120056800 JavaThread "shuffle-server-7-1" daemon [_thread_in_native, id=141, stack(0x00007f51112ff000,0x00007f5111400000)]
  0x00007f512806f000 JavaThread "task-result-getter-0" daemon [_thread_blocked, id=142, stack(0x00007f5110dfd000,0x00007f5110efe000)]
  0x00007f5120063000 JavaThread "shuffle-server-7-2" daemon [_thread_in_native, id=147, stack(0x00007f5110cfc000,0x00007f5110dfd000)]
  0x00007f5128072800 JavaThread "task-result-getter-1" daemon [_thread_blocked, id=148, stack(0x00007f51daef3000,0x00007f51daff4000)]
  0x00007f5128074800 JavaThread "task-result-getter-2" daemon [_thread_blocked, id=187, stack(0x00007f510d2ff000,0x00007f510d400000)]
  0x00007f512807b800 JavaThread "task-result-getter-3" daemon [_thread_blocked, id=197, stack(0x00007f510b2ff000,0x00007f510b400000)]
  0x00007f51bc035800 JavaThread "shuffle-client-5-1" daemon [_thread_in_native, id=379, stack(0x00007f51008e9000,0x00007f51009ea000)]
  0x00007f50fc5a8000 JavaThread "spark-listener-group-streams" daemon [_thread_blocked, id=380, stack(0x00007f51000ff000,0x00007f5100200000)]
  0x00007f50fc4e6000 JavaThread "stream execution thread for [id = f9c855c4-b7ca-4d03-932d-a62550d2b35e, runId = 95aa1ece-4f0d-4b69-b389-d4f9ebdf0215]" daemon [_thread_blocked, id=407, stack(0x00007f50fbcff000,0x00007f50fbe00000)]
  0x00007f5118198800 JavaThread "kafka-admin-client-thread | adminclient-1" daemon [_thread_in_vm, id=412, stack(0x00007f50fb8ff000,0x00007f50fba00000)]

Other Threads:
  0x00007f5230178000 VMThread "VM Thread" [stack: 0x00007f5208d00000,0x00007f5208e00000] [id=32]
=>0x00007f52301d2000 WatcherThread [stack: 0x00007f5208111000,0x00007f5208211000] [id=41]
  0x00007f5230042800 GCTaskThread "GC Thread#0" [stack: 0x00007f521b300000,0x00007f521b400000] [id=27]
  0x00007f5200001000 GCTaskThread "GC Thread#1" [stack: 0x00007f5208010000,0x00007f5208110000] [id=42]
  0x00007f5200002800 GCTaskThread "GC Thread#2" [stack: 0x00007f51dbad9000,0x00007f51dbbd9000] [id=43]
  0x00007f5200004000 GCTaskThread "GC Thread#3" [stack: 0x00007f51db9d8000,0x00007f51dbad8000] [id=44]
  0x00007f5200006000 GCTaskThread "GC Thread#4" [stack: 0x00007f51db8d7000,0x00007f51db9d7000] [id=45]
  0x00007f5200007800 GCTaskThread "GC Thread#5" [stack: 0x00007f51db7d6000,0x00007f51db8d6000] [id=46]
  0x00007f523005f000 ConcurrentGCThread "G1 Main Marker" [stack: 0x00007f5218300000,0x00007f5218400000] [id=28]
  0x00007f5230060800 ConcurrentGCThread "G1 Conc#0" [stack: 0x00007f52181ff000,0x00007f52182ff000] [id=29]
  0x00007f520c001000 ConcurrentGCThread "G1 Conc#1" [stack: 0x00007f51db6d5000,0x00007f51db7d5000] [id=47]
  0x00007f5230148800 ConcurrentGCThread "G1 Refine#0" [stack: 0x00007f52097f9000,0x00007f52098f9000] [id=30]
  0x00007f523014a800 ConcurrentGCThread "G1 Young RemSet Sampling" [stack: 0x00007f52096f8000,0x00007f52097f8000] [id=31]

Threads with active compile tasks:
C2 CompilerThread0   358312 17430       4       java.util.LinkedList::linkLast (59 bytes)

VM state:not at safepoint (normal execution)

VM Mutex/Monitor currently owned by a thread:  ([mutex/lock_event])
[0x00007f5230028b90] PeriodicTask_lock - owner thread: 0x00007f52301d2000

Heap address: 0x00000000c0000000, size: 1024 MB, Compressed Oops mode: 32-bit
Narrow klass base: 0x0000000800000000, Narrow klass shift: 3
Compressed class space size: 1073741824 Address: 0x0000000840000000

Heap:
 garbage-first heap   total 256000K, used 121788K [0x00000000c0000000, 0x0000000100000000)
  region size 1024K, 47 young (48128K), 4 survivors (4096K)
 Metaspace       used 147277K, capacity 155113K, committed 155324K, reserved 1179648K
  class space    used 20586K, capacity 24391K, committed 24480K, reserved 1048576K
Heap Regions: E=young(eden), S=young(survivor), O=old, HS=humongous(starts), HC=humongous(continues), CS=collection set, F=free, A=archive, TAMS=top-at-mark-start (previous, next)
|   0|0x00000000c0000000, 0x00000000c0100000, 0x00000000c0100000|100%|HS|  |TAMS 0x00000000c0100000, 0x00000000c0000000| Complete 
|   1|0x00000000c0100000, 0x00000000c0200000, 0x00000000c0200000|100%|HS|  |TAMS 0x00000000c0200000, 0x00000000c0100000| Complete 
|   2|0x00000000c0200000, 0x00000000c0300000, 0x00000000c0300000|100%|HC|  |TAMS 0x00000000c0300000, 0x00000000c0200000| Complete 
|   3|0x00000000c0300000, 0x00000000c0400000, 0x00000000c0400000|100%|HS|  |TAMS 0x00000000c0400000, 0x00000000c0300000| Complete 
|   4|0x00000000c0400000, 0x00000000c0500000, 0x00000000c0500000|100%|HC|  |TAMS 0x00000000c0500000, 0x00000000c0400000| Complete 
|   5|0x00000000c0500000, 0x00000000c0600000, 0x00000000c0600000|100%|HC|  |TAMS 0x00000000c0600000, 0x00000000c0500000| Complete 
|   6|0x00000000c0600000, 0x00000000c0700000, 0x00000000c0700000|100%|HS|  |TAMS 0x00000000c0700000, 0x00000000c0600000| Complete 
|   7|0x00000000c0700000, 0x00000000c0800000, 0x00000000c0800000|100%|HS|  |TAMS 0x00000000c0800000, 0x00000000c0700000| Complete 
|   8|0x00000000c0800000, 0x00000000c0900000, 0x00000000c0900000|100%|HS|  |TAMS 0x00000000c0900000, 0x00000000c0800000| Complete 
|   9|0x00000000c0900000, 0x00000000c0a00000, 0x00000000c0a00000|100%| O|  |TAMS 0x00000000c0a00000, 0x00000000c0900000| Untracked 
|  10|0x00000000c0a00000, 0x00000000c0b00000, 0x00000000c0b00000|100%| O|  |TAMS 0x00000000c0b00000, 0x00000000c0a00000| Untracked 
|  11|0x00000000c0b00000, 0x00000000c0c00000, 0x00000000c0c00000|100%| O|  |TAMS 0x00000000c0c00000, 0x00000000c0b00000| Untracked 
|  12|0x00000000c0c00000, 0x00000000c0d00000, 0x00000000c0d00000|100%| O|  |TAMS 0x00000000c0d00000, 0x00000000c0c00000| Untracked 
|  13|0x00000000c0d00000, 0x00000000c0e00000, 0x00000000c0e00000|100%| O|  |TAMS 0x00000000c0e00000, 0x00000000c0d00000| Untracked 
|  14|0x00000000c0e00000, 0x00000000c0f00000, 0x00000000c0f00000|100%| O|  |TAMS 0x00000000c0f00000, 0x00000000c0e00000| Untracked 
|  15|0x00000000c0f00000, 0x00000000c1000000, 0x00000000c1000000|100%| O|  |TAMS 0x00000000c1000000, 0x00000000c0f00000| Untracked 
|  16|0x00000000c1000000, 0x00000000c1100000, 0x00000000c1100000|100%| O|  |TAMS 0x00000000c1100000, 0x00000000c1000000| Untracked 
|  17|0x00000000c1100000, 0x00000000c1200000, 0x00000000c1200000|100%| O|  |TAMS 0x00000000c1200000, 0x00000000c1100000| Untracked 
|  18|0x00000000c1200000, 0x00000000c1300000, 0x00000000c1300000|100%| O|  |TAMS 0x00000000c1300000, 0x00000000c1200000| Untracked 
|  19|0x00000000c1300000, 0x00000000c1400000, 0x00000000c1400000|100%| O|  |TAMS 0x00000000c1400000, 0x00000000c1300000| Untracked 
|  20|0x00000000c1400000, 0x00000000c1500000, 0x00000000c1500000|100%| O|  |TAMS 0x00000000c1500000, 0x00000000c1400000| Untracked 
|  21|0x00000000c1500000, 0x00000000c1600000, 0x00000000c1600000|100%| O|  |TAMS 0x00000000c1600000, 0x00000000c1500000| Untracked 
|  22|0x00000000c1600000, 0x00000000c1700000, 0x00000000c1700000|100%| O|  |TAMS 0x00000000c1700000, 0x00000000c1600000| Untracked 
|  23|0x00000000c1700000, 0x00000000c1800000, 0x00000000c1800000|100%| O|  |TAMS 0x00000000c1800000, 0x00000000c1700000| Untracked 
|  24|0x00000000c1800000, 0x00000000c1900000, 0x00000000c1900000|100%| O|  |TAMS 0x00000000c1900000, 0x00000000c1800000| Untracked 
|  25|0x00000000c1900000, 0x00000000c1a00000, 0x00000000c1a00000|100%| O|  |TAMS 0x00000000c1a00000, 0x00000000c1900000| Untracked 
|  26|0x00000000c1a00000, 0x00000000c1b00000, 0x00000000c1b00000|100%| O|  |TAMS 0x00000000c1b00000, 0x00000000c1a00000| Untracked 
|  27|0x00000000c1b00000, 0x00000000c1c00000, 0x00000000c1c00000|100%| O|  |TAMS 0x00000000c1c00000, 0x00000000c1b00000| Untracked 
|  28|0x00000000c1c00000, 0x00000000c1d00000, 0x00000000c1d00000|100%| O|  |TAMS 0x00000000c1d00000, 0x00000000c1c00000| Untracked 
|  29|0x00000000c1d00000, 0x00000000c1e00000, 0x00000000c1e00000|100%| O|  |TAMS 0x00000000c1e00000, 0x00000000c1d00000| Untracked 
|  30|0x00000000c1e00000, 0x00000000c1f00000, 0x00000000c1f00000|100%|HS|  |TAMS 0x00000000c1f00000, 0x00000000c1e00000| Complete 
|  31|0x00000000c1f00000, 0x00000000c2000000, 0x00000000c2000000|100%|HC|  |TAMS 0x00000000c2000000, 0x00000000c1f00000| Complete 
|  32|0x00000000c2000000, 0x00000000c2100000, 0x00000000c2100000|100%|HC|  |TAMS 0x00000000c2100000, 0x00000000c2000000| Complete 
|  33|0x00000000c2100000, 0x00000000c2200000, 0x00000000c2200000|100%|HS|  |TAMS 0x00000000c2200000, 0x00000000c2100000| Complete 
|  34|0x00000000c2200000, 0x00000000c2300000, 0x00000000c2300000|100%|HC|  |TAMS 0x00000000c2300000, 0x00000000c2200000| Complete 
|  35|0x00000000c2300000, 0x00000000c2400000, 0x00000000c2400000|100%| O|  |TAMS 0x00000000c2400000, 0x00000000c2300000| Untracked 
|  36|0x00000000c2400000, 0x00000000c2500000, 0x00000000c2500000|100%| O|  |TAMS 0x00000000c2500000, 0x00000000c2400000| Untracked 
|  37|0x00000000c2500000, 0x00000000c2600000, 0x00000000c2600000|100%| O|  |TAMS 0x00000000c2600000, 0x00000000c2500000| Untracked 
|  38|0x00000000c2600000, 0x00000000c2700000, 0x00000000c2700000|100%| O|  |TAMS 0x00000000c2700000, 0x00000000c2600000| Untracked 
|  39|0x00000000c2700000, 0x00000000c2800000, 0x00000000c2800000|100%| O|  |TAMS 0x00000000c2800000, 0x00000000c2700000| Untracked 
|  40|0x00000000c2800000, 0x00000000c2900000, 0x00000000c2900000|100%| O|  |TAMS 0x00000000c2900000, 0x00000000c2800000| Untracked 
|  41|0x00000000c2900000, 0x00000000c2900000, 0x00000000c2a00000|  0%| F|  |TAMS 0x00000000c2900000, 0x00000000c2900000| Untracked 
|  42|0x00000000c2a00000, 0x00000000c2a00000, 0x00000000c2b00000|  0%| F|  |TAMS 0x00000000c2a00000, 0x00000000c2a00000| Untracked 
|  43|0x00000000c2b00000, 0x00000000c2b00000, 0x00000000c2c00000|  0%| F|  |TAMS 0x00000000c2b00000, 0x00000000c2b00000| Untracked 
|  44|0x00000000c2c00000, 0x00000000c2d00000, 0x00000000c2d00000|100%| O|  |TAMS 0x00000000c2c00000, 0x00000000c2c00000| Untracked 
|  45|0x00000000c2d00000, 0x00000000c2e00000, 0x00000000c2e00000|100%| O|  |TAMS 0x00000000c2d00000, 0x00000000c2d00000| Untracked 
|  46|0x00000000c2e00000, 0x00000000c2f00000, 0x00000000c2f00000|100%| O|  |TAMS 0x00000000c2f00000, 0x00000000c2e00000| Untracked 
|  47|0x00000000c2f00000, 0x00000000c3000000, 0x00000000c3000000|100%| O|  |TAMS 0x00000000c2f00000, 0x00000000c2f00000| Untracked 
|  48|0x00000000c3000000, 0x00000000c3100000, 0x00000000c3100000|100%| O|  |TAMS 0x00000000c3000000, 0x00000000c3000000| Untracked 
|  49|0x00000000c3100000, 0x00000000c3200000, 0x00000000c3200000|100%| O|  |TAMS 0x00000000c3100000, 0x00000000c3100000| Untracked 
|  50|0x00000000c3200000, 0x00000000c3300000, 0x00000000c3300000|100%| O|  |TAMS 0x00000000c3200000, 0x00000000c3200000| Untracked 
|  51|0x00000000c3300000, 0x00000000c3400000, 0x00000000c3400000|100%| O|  |TAMS 0x00000000c3300000, 0x00000000c3300000| Untracked 
|  52|0x00000000c3400000, 0x00000000c3500000, 0x00000000c3500000|100%| O|  |TAMS 0x00000000c3500000, 0x00000000c3400000| Untracked 
|  53|0x00000000c3500000, 0x00000000c3600000, 0x00000000c3600000|100%| O|  |TAMS 0x00000000c3600000, 0x00000000c3500000| Untracked 
|  54|0x00000000c3600000, 0x00000000c3700000, 0x00000000c3700000|100%| O|  |TAMS 0x00000000c3700000, 0x00000000c3600000| Untracked 
|  55|0x00000000c3700000, 0x00000000c3800000, 0x00000000c3800000|100%| O|  |TAMS 0x00000000c3800000, 0x00000000c3700000| Untracked 
|  56|0x00000000c3800000, 0x00000000c3900000, 0x00000000c3900000|100%| O|  |TAMS 0x00000000c3900000, 0x00000000c3800000| Untracked 
|  57|0x00000000c3900000, 0x00000000c3a00000, 0x00000000c3a00000|100%| O|  |TAMS 0x00000000c3a00000, 0x00000000c3900000| Untracked 
|  58|0x00000000c3a00000, 0x00000000c3b00000, 0x00000000c3b00000|100%| O|  |TAMS 0x00000000c3b00000, 0x00000000c3a00000| Untracked 
|  59|0x00000000c3b00000, 0x00000000c3c00000, 0x00000000c3c00000|100%| O|  |TAMS 0x00000000c3b00000, 0x00000000c3b00000| Untracked 
|  60|0x00000000c3c00000, 0x00000000c3d00000, 0x00000000c3d00000|100%| O|  |TAMS 0x00000000c3c00000, 0x00000000c3c00000| Untracked 
|  61|0x00000000c3d00000, 0x00000000c3e00000, 0x00000000c3e00000|100%| O|  |TAMS 0x00000000c3d00000, 0x00000000c3d00000| Untracked 
|  62|0x00000000c3e00000, 0x00000000c3f00000, 0x00000000c3f00000|100%| O|  |TAMS 0x00000000c3e00000, 0x00000000c3e00000| Untracked 
|  63|0x00000000c3f00000, 0x00000000c4000000, 0x00000000c4000000|100%| O|  |TAMS 0x00000000c3f00000, 0x00000000c3f00000| Untracked 
|  64|0x00000000c4000000, 0x00000000c4100000, 0x00000000c4100000|100%| O|  |TAMS 0x00000000c4000000, 0x00000000c4000000| Untracked 
|  65|0x00000000c4100000, 0x00000000c4200000, 0x00000000c4200000|100%| O|  |TAMS 0x00000000c4100000, 0x00000000c4100000| Untracked 
|  66|0x00000000c4200000, 0x00000000c4300000, 0x00000000c4300000|100%| O|  |TAMS 0x00000000c4200000, 0x00000000c4200000| Untracked 
|  67|0x00000000c4300000, 0x00000000c43c3600, 0x00000000c4400000| 76%| O|  |TAMS 0x00000000c4300000, 0x00000000c4300000| Untracked 
|  68|0x00000000c4400000, 0x00000000c4400000, 0x00000000c4500000|  0%| F|  |TAMS 0x00000000c4400000, 0x00000000c4400000| Untracked 
|  69|0x00000000c4500000, 0x00000000c4500000, 0x00000000c4600000|  0%| F|  |TAMS 0x00000000c4500000, 0x00000000c4500000| Untracked 
|  70|0x00000000c4600000, 0x00000000c4700000, 0x00000000c4700000|100%| O|  |TAMS 0x00000000c4600000, 0x00000000c4600000| Untracked 
|  71|0x00000000c4700000, 0x00000000c4800000, 0x00000000c4800000|100%| O|  |TAMS 0x00000000c4700000, 0x00000000c4700000| Untracked 
|  72|0x00000000c4800000, 0x00000000c4800000, 0x00000000c4900000|  0%| F|  |TAMS 0x00000000c4800000, 0x00000000c4800000| Untracked 
|  73|0x00000000c4900000, 0x00000000c4900000, 0x00000000c4a00000|  0%| F|  |TAMS 0x00000000c4900000, 0x00000000c4900000| Untracked 
|  74|0x00000000c4a00000, 0x00000000c4b00000, 0x00000000c4b00000|100%| O|  |TAMS 0x00000000c4b00000, 0x00000000c4a00000| Untracked 
|  75|0x00000000c4b00000, 0x00000000c4c00000, 0x00000000c4c00000|100%| O|  |TAMS 0x00000000c4c00000, 0x00000000c4b00000| Untracked 
|  76|0x00000000c4c00000, 0x00000000c4d00000, 0x00000000c4d00000|100%| O|  |TAMS 0x00000000c4d00000, 0x00000000c4c00000| Untracked 
|  77|0x00000000c4d00000, 0x00000000c4d00000, 0x00000000c4e00000|  0%| F|  |TAMS 0x00000000c4d00000, 0x00000000c4d00000| Untracked 
|  78|0x00000000c4e00000, 0x00000000c4e00000, 0x00000000c4f00000|  0%| F|  |TAMS 0x00000000c4e00000, 0x00000000c4e00000| Untracked 
|  79|0x00000000c4f00000, 0x00000000c4f00000, 0x00000000c5000000|  0%| F|  |TAMS 0x00000000c4f00000, 0x00000000c4f00000| Untracked 
|  80|0x00000000c5000000, 0x00000000c5000000, 0x00000000c5100000|  0%| F|  |TAMS 0x00000000c5000000, 0x00000000c5000000| Untracked 
|  81|0x00000000c5100000, 0x00000000c5100000, 0x00000000c5200000|  0%| F|  |TAMS 0x00000000c5100000, 0x00000000c5100000| Untracked 
|  82|0x00000000c5200000, 0x00000000c5200000, 0x00000000c5300000|  0%| F|  |TAMS 0x00000000c5200000, 0x00000000c5200000| Untracked 
|  83|0x00000000c5300000, 0x00000000c5300000, 0x00000000c5400000|  0%| F|  |TAMS 0x00000000c5300000, 0x00000000c5300000| Untracked 
|  84|0x00000000c5400000, 0x00000000c5400000, 0x00000000c5500000|  0%| F|  |TAMS 0x00000000c5400000, 0x00000000c5400000| Untracked 
|  85|0x00000000c5500000, 0x00000000c5500000, 0x00000000c5600000|  0%| F|  |TAMS 0x00000000c5500000, 0x00000000c5500000| Untracked 
|  86|0x00000000c5600000, 0x00000000c5600000, 0x00000000c5700000|  0%| F|  |TAMS 0x00000000c5600000, 0x00000000c5600000| Untracked 
|  87|0x00000000c5700000, 0x00000000c5700000, 0x00000000c5800000|  0%| F|  |TAMS 0x00000000c5700000, 0x00000000c5700000| Untracked 
|  88|0x00000000c5800000, 0x00000000c5800000, 0x00000000c5900000|  0%| F|  |TAMS 0x00000000c5800000, 0x00000000c5800000| Untracked 
|  89|0x00000000c5900000, 0x00000000c5900000, 0x00000000c5a00000|  0%| F|  |TAMS 0x00000000c5900000, 0x00000000c5900000| Untracked 
|  90|0x00000000c5a00000, 0x00000000c5a00000, 0x00000000c5b00000|  0%| F|  |TAMS 0x00000000c5a00000, 0x00000000c5a00000| Untracked 
|  91|0x00000000c5b00000, 0x00000000c5b00000, 0x00000000c5c00000|  0%| F|  |TAMS 0x00000000c5b00000, 0x00000000c5b00000| Untracked 
|  92|0x00000000c5c00000, 0x00000000c5c00000, 0x00000000c5d00000|  0%| F|  |TAMS 0x00000000c5c00000, 0x00000000c5c00000| Untracked 
|  93|0x00000000c5d00000, 0x00000000c5d00000, 0x00000000c5e00000|  0%| F|  |TAMS 0x00000000c5d00000, 0x00000000c5d00000| Untracked 
|  94|0x00000000c5e00000, 0x00000000c5e00000, 0x00000000c5f00000|  0%| F|  |TAMS 0x00000000c5e00000, 0x00000000c5e00000| Untracked 
|  95|0x00000000c5f00000, 0x00000000c5f00000, 0x00000000c6000000|  0%| F|  |TAMS 0x00000000c5f00000, 0x00000000c5f00000| Untracked 
|  96|0x00000000c6000000, 0x00000000c6000000, 0x00000000c6100000|  0%| F|  |TAMS 0x00000000c6000000, 0x00000000c6000000| Untracked 
|  97|0x00000000c6100000, 0x00000000c6100000, 0x00000000c6200000|  0%| F|  |TAMS 0x00000000c6100000, 0x00000000c6100000| Untracked 
|  98|0x00000000c6200000, 0x00000000c6200000, 0x00000000c6300000|  0%| F|  |TAMS 0x00000000c6200000, 0x00000000c6200000| Untracked 
|  99|0x00000000c6300000, 0x00000000c6382cd0, 0x00000000c6400000| 51%| S|CS|TAMS 0x00000000c6300000, 0x00000000c6300000| Complete 
| 100|0x00000000c6400000, 0x00000000c6400000, 0x00000000c6500000|  0%| F|  |TAMS 0x00000000c6400000, 0x00000000c6400000| Untracked 
| 101|0x00000000c6500000, 0x00000000c6600000, 0x00000000c6600000|100%| S|CS|TAMS 0x00000000c6500000, 0x00000000c6500000| Complete 
| 102|0x00000000c6600000, 0x00000000c6600000, 0x00000000c6700000|  0%| F|  |TAMS 0x00000000c6600000, 0x00000000c6600000| Untracked 
| 103|0x00000000c6700000, 0x00000000c6800000, 0x00000000c6800000|100%| S|CS|TAMS 0x00000000c6700000, 0x00000000c6700000| Complete 
| 104|0x00000000c6800000, 0x00000000c6900000, 0x00000000c6900000|100%| S|CS|TAMS 0x00000000c6800000, 0x00000000c6800000| Complete 
| 105|0x00000000c6900000, 0x00000000c6900000, 0x00000000c6a00000|  0%| F|  |TAMS 0x00000000c6900000, 0x00000000c6900000| Untracked 
| 106|0x00000000c6a00000, 0x00000000c6a00000, 0x00000000c6b00000|  0%| F|  |TAMS 0x00000000c6a00000, 0x00000000c6a00000| Untracked 
| 107|0x00000000c6b00000, 0x00000000c6c00000, 0x00000000c6c00000|100%| O|  |TAMS 0x00000000c6c00000, 0x00000000c6b00000| Untracked 
| 108|0x00000000c6c00000, 0x00000000c6d00000, 0x00000000c6d00000|100%| O|  |TAMS 0x00000000c6d00000, 0x00000000c6c00000| Untracked 
| 109|0x00000000c6d00000, 0x00000000c6e00000, 0x00000000c6e00000|100%| O|  |TAMS 0x00000000c6dd2600, 0x00000000c6d00000| Untracked 
| 110|0x00000000c6e00000, 0x00000000c6e00000, 0x00000000c6f00000|  0%| F|  |TAMS 0x00000000c6e00000, 0x00000000c6e00000| Untracked 
| 111|0x00000000c6f00000, 0x00000000c6f00000, 0x00000000c7000000|  0%| F|  |TAMS 0x00000000c6f00000, 0x00000000c6f00000| Untracked 
| 112|0x00000000c7000000, 0x00000000c7000000, 0x00000000c7100000|  0%| F|  |TAMS 0x00000000c7000000, 0x00000000c7000000| Untracked 
| 113|0x00000000c7100000, 0x00000000c7100000, 0x00000000c7200000|  0%| F|  |TAMS 0x00000000c7100000, 0x00000000c7100000| Untracked 
| 114|0x00000000c7200000, 0x00000000c7200000, 0x00000000c7300000|  0%| F|  |TAMS 0x00000000c7200000, 0x00000000c7200000| Untracked 
| 115|0x00000000c7300000, 0x00000000c7300000, 0x00000000c7400000|  0%| F|  |TAMS 0x00000000c7300000, 0x00000000c7300000| Untracked 
| 116|0x00000000c7400000, 0x00000000c7400000, 0x00000000c7500000|  0%| F|  |TAMS 0x00000000c7400000, 0x00000000c7400000| Untracked 
| 117|0x00000000c7500000, 0x00000000c7500000, 0x00000000c7600000|  0%| F|  |TAMS 0x00000000c7500000, 0x00000000c7500000| Untracked 
| 118|0x00000000c7600000, 0x00000000c7600000, 0x00000000c7700000|  0%| F|  |TAMS 0x00000000c7600000, 0x00000000c7600000| Untracked 
| 119|0x00000000c7700000, 0x00000000c7700000, 0x00000000c7800000|  0%| F|  |TAMS 0x00000000c7700000, 0x00000000c7700000| Untracked 
| 120|0x00000000c7800000, 0x00000000c7800000, 0x00000000c7900000|  0%| F|  |TAMS 0x00000000c7800000, 0x00000000c7800000| Untracked 
| 121|0x00000000c7900000, 0x00000000c7900000, 0x00000000c7a00000|  0%| F|  |TAMS 0x00000000c7900000, 0x00000000c7900000| Untracked 
| 122|0x00000000c7a00000, 0x00000000c7a00000, 0x00000000c7b00000|  0%| F|  |TAMS 0x00000000c7a00000, 0x00000000c7a00000| Untracked 
| 123|0x00000000c7b00000, 0x00000000c7b00000, 0x00000000c7c00000|  0%| F|  |TAMS 0x00000000c7b00000, 0x00000000c7b00000| Untracked 
| 124|0x00000000c7c00000, 0x00000000c7c00000, 0x00000000c7d00000|  0%| F|  |TAMS 0x00000000c7c00000, 0x00000000c7c00000| Untracked 
| 125|0x00000000c7d00000, 0x00000000c7d00000, 0x00000000c7e00000|  0%| F|  |TAMS 0x00000000c7d00000, 0x00000000c7d00000| Untracked 
| 126|0x00000000c7e00000, 0x00000000c7e00000, 0x00000000c7f00000|  0%| F|  |TAMS 0x00000000c7e00000, 0x00000000c7e00000| Untracked 
| 127|0x00000000c7f00000, 0x00000000c7f00000, 0x00000000c8000000|  0%| F|  |TAMS 0x00000000c7f00000, 0x00000000c7f00000| Untracked 
| 128|0x00000000c8000000, 0x00000000c8000000, 0x00000000c8100000|  0%| F|  |TAMS 0x00000000c8000000, 0x00000000c8000000| Untracked 
| 129|0x00000000c8100000, 0x00000000c8100000, 0x00000000c8200000|  0%| F|  |TAMS 0x00000000c8100000, 0x00000000c8100000| Untracked 
| 130|0x00000000c8200000, 0x00000000c8200000, 0x00000000c8300000|  0%| F|  |TAMS 0x00000000c8200000, 0x00000000c8200000| Untracked 
| 131|0x00000000c8300000, 0x00000000c8300000, 0x00000000c8400000|  0%| F|  |TAMS 0x00000000c8300000, 0x00000000c8300000| Untracked 
| 132|0x00000000c8400000, 0x00000000c8400000, 0x00000000c8500000|  0%| F|  |TAMS 0x00000000c8400000, 0x00000000c8400000| Untracked 
| 133|0x00000000c8500000, 0x00000000c8500000, 0x00000000c8600000|  0%| F|  |TAMS 0x00000000c8500000, 0x00000000c8500000| Untracked 
| 134|0x00000000c8600000, 0x00000000c8600000, 0x00000000c8700000|  0%| F|  |TAMS 0x00000000c8600000, 0x00000000c8600000| Untracked 
| 135|0x00000000c8700000, 0x00000000c8700000, 0x00000000c8800000|  0%| F|  |TAMS 0x00000000c8700000, 0x00000000c8700000| Untracked 
| 136|0x00000000c8800000, 0x00000000c8800000, 0x00000000c8900000|  0%| F|  |TAMS 0x00000000c8800000, 0x00000000c8800000| Untracked 
| 137|0x00000000c8900000, 0x00000000c8900000, 0x00000000c8a00000|  0%| F|  |TAMS 0x00000000c8900000, 0x00000000c8900000| Untracked 
| 138|0x00000000c8a00000, 0x00000000c8a00000, 0x00000000c8b00000|  0%| F|  |TAMS 0x00000000c8a00000, 0x00000000c8a00000| Untracked 
| 139|0x00000000c8b00000, 0x00000000c8b00000, 0x00000000c8c00000|  0%| F|  |TAMS 0x00000000c8b00000, 0x00000000c8b00000| Untracked 
| 140|0x00000000c8c00000, 0x00000000c8c00000, 0x00000000c8d00000|  0%| F|  |TAMS 0x00000000c8c00000, 0x00000000c8c00000| Untracked 
| 141|0x00000000c8d00000, 0x00000000c8d00000, 0x00000000c8e00000|  0%| F|  |TAMS 0x00000000c8d00000, 0x00000000c8d00000| Untracked 
| 142|0x00000000c8e00000, 0x00000000c8e00000, 0x00000000c8f00000|  0%| F|  |TAMS 0x00000000c8e00000, 0x00000000c8e00000| Untracked 
| 143|0x00000000c8f00000, 0x00000000c8f00000, 0x00000000c9000000|  0%| F|  |TAMS 0x00000000c8f00000, 0x00000000c8f00000| Untracked 
| 144|0x00000000c9000000, 0x00000000c9000000, 0x00000000c9100000|  0%| F|  |TAMS 0x00000000c9000000, 0x00000000c9000000| Untracked 
| 145|0x00000000c9100000, 0x00000000c9100000, 0x00000000c9200000|  0%| F|  |TAMS 0x00000000c9100000, 0x00000000c9100000| Untracked 
| 146|0x00000000c9200000, 0x00000000c9200000, 0x00000000c9300000|  0%| F|  |TAMS 0x00000000c9200000, 0x00000000c9200000| Untracked 
| 147|0x00000000c9300000, 0x00000000c9300000, 0x00000000c9400000|  0%| F|  |TAMS 0x00000000c9300000, 0x00000000c9300000| Untracked 
| 148|0x00000000c9400000, 0x00000000c9400000, 0x00000000c9500000|  0%| F|  |TAMS 0x00000000c9400000, 0x00000000c9400000| Untracked 
| 149|0x00000000c9500000, 0x00000000c9500000, 0x00000000c9600000|  0%| F|  |TAMS 0x00000000c9500000, 0x00000000c9500000| Untracked 
| 150|0x00000000c9600000, 0x00000000c9600000, 0x00000000c9700000|  0%| F|  |TAMS 0x00000000c9600000, 0x00000000c9600000| Untracked 
| 151|0x00000000c9700000, 0x00000000c9700000, 0x00000000c9800000|  0%| F|  |TAMS 0x00000000c9700000, 0x00000000c9700000| Untracked 
| 152|0x00000000c9800000, 0x00000000c9800000, 0x00000000c9900000|  0%| F|  |TAMS 0x00000000c9800000, 0x00000000c9800000| Untracked 
| 153|0x00000000c9900000, 0x00000000c9900000, 0x00000000c9a00000|  0%| F|  |TAMS 0x00000000c9900000, 0x00000000c9900000| Untracked 
| 154|0x00000000c9a00000, 0x00000000c9a00000, 0x00000000c9b00000|  0%| F|  |TAMS 0x00000000c9a00000, 0x00000000c9a00000| Untracked 
| 155|0x00000000c9b00000, 0x00000000c9b00000, 0x00000000c9c00000|  0%| F|  |TAMS 0x00000000c9b00000, 0x00000000c9b00000| Untracked 
| 156|0x00000000c9c00000, 0x00000000c9c00000, 0x00000000c9d00000|  0%| F|  |TAMS 0x00000000c9c00000, 0x00000000c9c00000| Untracked 
| 157|0x00000000c9d00000, 0x00000000c9d00000, 0x00000000c9e00000|  0%| F|  |TAMS 0x00000000c9d00000, 0x00000000c9d00000| Untracked 
| 158|0x00000000c9e00000, 0x00000000c9e00000, 0x00000000c9f00000|  0%| F|  |TAMS 0x00000000c9e00000, 0x00000000c9e00000| Untracked 
| 159|0x00000000c9f00000, 0x00000000c9f00000, 0x00000000ca000000|  0%| F|  |TAMS 0x00000000c9f00000, 0x00000000c9f00000| Untracked 
| 160|0x00000000ca000000, 0x00000000ca000000, 0x00000000ca100000|  0%| F|  |TAMS 0x00000000ca000000, 0x00000000ca000000| Untracked 
| 161|0x00000000ca100000, 0x00000000ca100000, 0x00000000ca200000|  0%| F|  |TAMS 0x00000000ca100000, 0x00000000ca100000| Untracked 
| 162|0x00000000ca200000, 0x00000000ca200000, 0x00000000ca300000|  0%| F|  |TAMS 0x00000000ca200000, 0x00000000ca200000| Untracked 
| 163|0x00000000ca300000, 0x00000000ca300000, 0x00000000ca400000|  0%| F|  |TAMS 0x00000000ca300000, 0x00000000ca300000| Untracked 
| 164|0x00000000ca400000, 0x00000000ca400000, 0x00000000ca500000|  0%| F|  |TAMS 0x00000000ca400000, 0x00000000ca400000| Untracked 
| 165|0x00000000ca500000, 0x00000000ca500000, 0x00000000ca600000|  0%| F|  |TAMS 0x00000000ca500000, 0x00000000ca500000| Untracked 
| 166|0x00000000ca600000, 0x00000000ca600000, 0x00000000ca700000|  0%| F|  |TAMS 0x00000000ca600000, 0x00000000ca600000| Untracked 
| 167|0x00000000ca700000, 0x00000000ca700000, 0x00000000ca800000|  0%| F|  |TAMS 0x00000000ca700000, 0x00000000ca700000| Untracked 
| 168|0x00000000ca800000, 0x00000000ca800000, 0x00000000ca900000|  0%| F|  |TAMS 0x00000000ca800000, 0x00000000ca800000| Untracked 
| 169|0x00000000ca900000, 0x00000000ca900000, 0x00000000caa00000|  0%| F|  |TAMS 0x00000000ca900000, 0x00000000ca900000| Untracked 
| 170|0x00000000caa00000, 0x00000000caa00000, 0x00000000cab00000|  0%| F|  |TAMS 0x00000000caa00000, 0x00000000caa00000| Untracked 
| 171|0x00000000cab00000, 0x00000000cab00000, 0x00000000cac00000|  0%| F|  |TAMS 0x00000000cab00000, 0x00000000cab00000| Untracked 
| 172|0x00000000cac00000, 0x00000000cac00000, 0x00000000cad00000|  0%| F|  |TAMS 0x00000000cac00000, 0x00000000cac00000| Untracked 
| 173|0x00000000cad00000, 0x00000000cad00000, 0x00000000cae00000|  0%| F|  |TAMS 0x00000000cad00000, 0x00000000cad00000| Untracked 
| 174|0x00000000cae00000, 0x00000000cae00000, 0x00000000caf00000|  0%| F|  |TAMS 0x00000000cae00000, 0x00000000cae00000| Untracked 
| 175|0x00000000caf00000, 0x00000000caf00000, 0x00000000cb000000|  0%| F|  |TAMS 0x00000000caf00000, 0x00000000caf00000| Untracked 
| 176|0x00000000cb000000, 0x00000000cb000000, 0x00000000cb100000|  0%| F|  |TAMS 0x00000000cb000000, 0x00000000cb000000| Untracked 
| 177|0x00000000cb100000, 0x00000000cb100000, 0x00000000cb200000|  0%| F|  |TAMS 0x00000000cb100000, 0x00000000cb100000| Untracked 
| 178|0x00000000cb200000, 0x00000000cb200000, 0x00000000cb300000|  0%| F|  |TAMS 0x00000000cb200000, 0x00000000cb200000| Untracked 
| 179|0x00000000cb300000, 0x00000000cb300000, 0x00000000cb400000|  0%| F|  |TAMS 0x00000000cb300000, 0x00000000cb300000| Untracked 
| 180|0x00000000cb400000, 0x00000000cb400000, 0x00000000cb500000|  0%| F|  |TAMS 0x00000000cb400000, 0x00000000cb400000| Untracked 
| 181|0x00000000cb500000, 0x00000000cb500000, 0x00000000cb600000|  0%| F|  |TAMS 0x00000000cb500000, 0x00000000cb500000| Untracked 
| 182|0x00000000cb600000, 0x00000000cb600000, 0x00000000cb700000|  0%| F|  |TAMS 0x00000000cb600000, 0x00000000cb600000| Untracked 
| 183|0x00000000cb700000, 0x00000000cb700000, 0x00000000cb800000|  0%| F|  |TAMS 0x00000000cb700000, 0x00000000cb700000| Untracked 
| 184|0x00000000cb800000, 0x00000000cb800000, 0x00000000cb900000|  0%| F|  |TAMS 0x00000000cb800000, 0x00000000cb800000| Untracked 
| 185|0x00000000cb900000, 0x00000000cb900000, 0x00000000cba00000|  0%| F|  |TAMS 0x00000000cb900000, 0x00000000cb900000| Untracked 
| 186|0x00000000cba00000, 0x00000000cba00000, 0x00000000cbb00000|  0%| F|  |TAMS 0x00000000cba00000, 0x00000000cba00000| Untracked 
| 187|0x00000000cbb00000, 0x00000000cbb00000, 0x00000000cbc00000|  0%| F|  |TAMS 0x00000000cbb00000, 0x00000000cbb00000| Untracked 
| 188|0x00000000cbc00000, 0x00000000cbc00000, 0x00000000cbd00000|  0%| F|  |TAMS 0x00000000cbc00000, 0x00000000cbc00000| Untracked 
| 189|0x00000000cbd00000, 0x00000000cbd00000, 0x00000000cbe00000|  0%| F|  |TAMS 0x00000000cbd00000, 0x00000000cbd00000| Untracked 
| 190|0x00000000cbe00000, 0x00000000cbe00000, 0x00000000cbf00000|  0%| F|  |TAMS 0x00000000cbe00000, 0x00000000cbe00000| Untracked 
| 191|0x00000000cbf00000, 0x00000000cbf00000, 0x00000000cc000000|  0%| F|  |TAMS 0x00000000cbf00000, 0x00000000cbf00000| Untracked 
| 192|0x00000000cc000000, 0x00000000cc000000, 0x00000000cc100000|  0%| F|  |TAMS 0x00000000cc000000, 0x00000000cc000000| Untracked 
| 193|0x00000000cc100000, 0x00000000cc100000, 0x00000000cc200000|  0%| F|  |TAMS 0x00000000cc100000, 0x00000000cc100000| Untracked 
| 194|0x00000000cc200000, 0x00000000cc200000, 0x00000000cc300000|  0%| F|  |TAMS 0x00000000cc200000, 0x00000000cc200000| Untracked 
| 195|0x00000000cc300000, 0x00000000cc300000, 0x00000000cc400000|  0%| F|  |TAMS 0x00000000cc300000, 0x00000000cc300000| Untracked 
| 196|0x00000000cc400000, 0x00000000cc400000, 0x00000000cc500000|  0%| F|  |TAMS 0x00000000cc400000, 0x00000000cc400000| Untracked 
| 197|0x00000000cc500000, 0x00000000cc500000, 0x00000000cc600000|  0%| F|  |TAMS 0x00000000cc500000, 0x00000000cc500000| Untracked 
| 198|0x00000000cc600000, 0x00000000cc600000, 0x00000000cc700000|  0%| F|  |TAMS 0x00000000cc600000, 0x00000000cc600000| Untracked 
| 199|0x00000000cc700000, 0x00000000cc700000, 0x00000000cc800000|  0%| F|  |TAMS 0x00000000cc700000, 0x00000000cc700000| Untracked 
| 200|0x00000000cc800000, 0x00000000cc800000, 0x00000000cc900000|  0%| F|  |TAMS 0x00000000cc800000, 0x00000000cc800000| Untracked 
| 201|0x00000000cc900000, 0x00000000cc900000, 0x00000000cca00000|  0%| F|  |TAMS 0x00000000cc900000, 0x00000000cc900000| Untracked 
| 202|0x00000000cca00000, 0x00000000cca00000, 0x00000000ccb00000|  0%| F|  |TAMS 0x00000000cca00000, 0x00000000cca00000| Untracked 
| 203|0x00000000ccb00000, 0x00000000ccb00000, 0x00000000ccc00000|  0%| F|  |TAMS 0x00000000ccb00000, 0x00000000ccb00000| Untracked 
| 204|0x00000000ccc00000, 0x00000000ccc00000, 0x00000000ccd00000|  0%| F|  |TAMS 0x00000000ccc00000, 0x00000000ccc00000| Untracked 
| 205|0x00000000ccd00000, 0x00000000ccd33748, 0x00000000cce00000| 20%| E|  |TAMS 0x00000000ccd00000, 0x00000000ccd00000| Complete 
| 206|0x00000000cce00000, 0x00000000ccf00000, 0x00000000ccf00000|100%| E|CS|TAMS 0x00000000cce00000, 0x00000000cce00000| Complete 
| 207|0x00000000ccf00000, 0x00000000cd000000, 0x00000000cd000000|100%| E|CS|TAMS 0x00000000ccf00000, 0x00000000ccf00000| Complete 
| 208|0x00000000cd000000, 0x00000000cd100000, 0x00000000cd100000|100%| E|CS|TAMS 0x00000000cd000000, 0x00000000cd000000| Complete 
| 209|0x00000000cd100000, 0x00000000cd200000, 0x00000000cd200000|100%| E|CS|TAMS 0x00000000cd100000, 0x00000000cd100000| Complete 
| 210|0x00000000cd200000, 0x00000000cd300000, 0x00000000cd300000|100%| E|CS|TAMS 0x00000000cd200000, 0x00000000cd200000| Complete 
| 211|0x00000000cd300000, 0x00000000cd400000, 0x00000000cd400000|100%| E|CS|TAMS 0x00000000cd300000, 0x00000000cd300000| Complete 
| 212|0x00000000cd400000, 0x00000000cd500000, 0x00000000cd500000|100%| E|CS|TAMS 0x00000000cd400000, 0x00000000cd400000| Complete 
| 213|0x00000000cd500000, 0x00000000cd600000, 0x00000000cd600000|100%| E|CS|TAMS 0x00000000cd500000, 0x00000000cd500000| Complete 
| 214|0x00000000cd600000, 0x00000000cd700000, 0x00000000cd700000|100%| E|CS|TAMS 0x00000000cd600000, 0x00000000cd600000| Complete 
| 215|0x00000000cd700000, 0x00000000cd800000, 0x00000000cd800000|100%| E|CS|TAMS 0x00000000cd700000, 0x00000000cd700000| Complete 
| 216|0x00000000cd800000, 0x00000000cd900000, 0x00000000cd900000|100%| E|CS|TAMS 0x00000000cd800000, 0x00000000cd800000| Complete 
| 217|0x00000000cd900000, 0x00000000cda00000, 0x00000000cda00000|100%| E|CS|TAMS 0x00000000cd900000, 0x00000000cd900000| Complete 
| 218|0x00000000cda00000, 0x00000000cdb00000, 0x00000000cdb00000|100%| E|CS|TAMS 0x00000000cda00000, 0x00000000cda00000| Complete 
| 219|0x00000000cdb00000, 0x00000000cdc00000, 0x00000000cdc00000|100%| E|CS|TAMS 0x00000000cdb00000, 0x00000000cdb00000| Complete 
| 220|0x00000000cdc00000, 0x00000000cdd00000, 0x00000000cdd00000|100%| E|CS|TAMS 0x00000000cdc00000, 0x00000000cdc00000| Complete 
| 221|0x00000000cdd00000, 0x00000000cde00000, 0x00000000cde00000|100%| E|CS|TAMS 0x00000000cdd00000, 0x00000000cdd00000| Complete 
| 222|0x00000000cde00000, 0x00000000cdf00000, 0x00000000cdf00000|100%| E|CS|TAMS 0x00000000cde00000, 0x00000000cde00000| Complete 
| 223|0x00000000cdf00000, 0x00000000ce000000, 0x00000000ce000000|100%| E|CS|TAMS 0x00000000cdf00000, 0x00000000cdf00000| Complete 
| 224|0x00000000ce000000, 0x00000000ce100000, 0x00000000ce100000|100%| E|CS|TAMS 0x00000000ce000000, 0x00000000ce000000| Complete 
| 225|0x00000000ce100000, 0x00000000ce200000, 0x00000000ce200000|100%| E|CS|TAMS 0x00000000ce100000, 0x00000000ce100000| Complete 
| 226|0x00000000ce200000, 0x00000000ce300000, 0x00000000ce300000|100%| E|CS|TAMS 0x00000000ce200000, 0x00000000ce200000| Complete 
| 227|0x00000000ce300000, 0x00000000ce400000, 0x00000000ce400000|100%| E|CS|TAMS 0x00000000ce300000, 0x00000000ce300000| Complete 
| 228|0x00000000ce400000, 0x00000000ce500000, 0x00000000ce500000|100%| E|CS|TAMS 0x00000000ce400000, 0x00000000ce400000| Complete 
| 229|0x00000000ce500000, 0x00000000ce600000, 0x00000000ce600000|100%| E|CS|TAMS 0x00000000ce500000, 0x00000000ce500000| Complete 
| 230|0x00000000ce600000, 0x00000000ce700000, 0x00000000ce700000|100%| E|CS|TAMS 0x00000000ce600000, 0x00000000ce600000| Complete 
| 231|0x00000000ce700000, 0x00000000ce800000, 0x00000000ce800000|100%| E|CS|TAMS 0x00000000ce700000, 0x00000000ce700000| Complete 
| 232|0x00000000ce800000, 0x00000000ce900000, 0x00000000ce900000|100%| E|CS|TAMS 0x00000000ce800000, 0x00000000ce800000| Complete 
| 233|0x00000000ce900000, 0x00000000cea00000, 0x00000000cea00000|100%| E|CS|TAMS 0x00000000ce900000, 0x00000000ce900000| Complete 
| 234|0x00000000cea00000, 0x00000000ceb00000, 0x00000000ceb00000|100%| E|CS|TAMS 0x00000000cea00000, 0x00000000cea00000| Complete 
| 235|0x00000000ceb00000, 0x00000000cec00000, 0x00000000cec00000|100%| E|CS|TAMS 0x00000000ceb00000, 0x00000000ceb00000| Complete 
| 236|0x00000000cec00000, 0x00000000ced00000, 0x00000000ced00000|100%| E|CS|TAMS 0x00000000cec00000, 0x00000000cec00000| Complete 
| 237|0x00000000ced00000, 0x00000000cee00000, 0x00000000cee00000|100%| E|CS|TAMS 0x00000000ced00000, 0x00000000ced00000| Complete 
| 238|0x00000000cee00000, 0x00000000cef00000, 0x00000000cef00000|100%| E|CS|TAMS 0x00000000cee00000, 0x00000000cee00000| Complete 
| 239|0x00000000cef00000, 0x00000000cf000000, 0x00000000cf000000|100%| E|CS|TAMS 0x00000000cef00000, 0x00000000cef00000| Complete 
| 240|0x00000000cf000000, 0x00000000cf100000, 0x00000000cf100000|100%| E|CS|TAMS 0x00000000cf000000, 0x00000000cf000000| Complete 
| 241|0x00000000cf100000, 0x00000000cf200000, 0x00000000cf200000|100%| E|CS|TAMS 0x00000000cf100000, 0x00000000cf100000| Complete 
| 242|0x00000000cf200000, 0x00000000cf300000, 0x00000000cf300000|100%| E|CS|TAMS 0x00000000cf200000, 0x00000000cf200000| Complete 
| 243|0x00000000cf300000, 0x00000000cf400000, 0x00000000cf400000|100%| E|CS|TAMS 0x00000000cf300000, 0x00000000cf300000| Complete 
| 244|0x00000000cf400000, 0x00000000cf500000, 0x00000000cf500000|100%| E|CS|TAMS 0x00000000cf400000, 0x00000000cf400000| Complete 
| 245|0x00000000cf500000, 0x00000000cf600000, 0x00000000cf600000|100%| E|CS|TAMS 0x00000000cf500000, 0x00000000cf500000| Complete 
| 246|0x00000000cf600000, 0x00000000cf700000, 0x00000000cf700000|100%| E|CS|TAMS 0x00000000cf600000, 0x00000000cf600000| Complete 
| 247|0x00000000cf700000, 0x00000000cf800000, 0x00000000cf800000|100%| E|CS|TAMS 0x00000000cf700000, 0x00000000cf700000| Complete 
|1020|0x00000000ffc00000, 0x00000000ffc43000, 0x00000000ffd00000| 26%|OA|  |TAMS 0x00000000ffc43000, 0x00000000ffc00000| Untracked 
|1022|0x00000000ffe00000, 0x00000000ffe66000, 0x00000000fff00000| 39%|CA|  |TAMS 0x00000000ffe66000, 0x00000000ffe00000| Untracked 

Card table byte_map: [0x00007f521a600000,0x00007f521a800000] _byte_map_base: 0x00007f521a000000

Marking Bits (Prev, Next): (CMBitMap*) 0x00007f5230059fb0, (CMBitMap*) 0x00007f5230059f78
 Prev Bits: [0x00007f5218400000, 0x00007f5219400000)
 Next Bits: [0x00007f5219400000, 0x00007f521a400000)

Polling page: 0x00007f5236777000

Metaspace:

Usage:
  Non-class:    127.66 MB capacity,   123.72 MB ( 97%) used,     3.03 MB (  2%) free+waste,   932.25 KB ( <1%) overhead. 
      Class:     23.82 MB capacity,    20.10 MB ( 84%) used,     3.22 MB ( 14%) free+waste,   504.94 KB (  2%) overhead. 
       Both:    151.48 MB capacity,   143.83 MB ( 95%) used,     6.25 MB (  4%) free+waste,     1.40 MB ( <1%) overhead. 

Virtual space:
  Non-class space:      128.00 MB reserved,     127.78 MB (>99%) committed 
      Class space:        1.00 GB reserved,      23.91 MB (  2%) committed 
             Both:        1.12 GB reserved,     151.68 MB ( 13%) committed 

Chunk freelists:
   Non-Class:  0 bytes
       Class:  0 bytes
        Both:  0 bytes

MaxMetaspaceSize: unlimited
CompressedClassSpaceSize: 1.00 GB
Initial GC threshold: 20.80 MB
Current GC threshold: 215.93 MB
CDS: on

CodeHeap 'non-profiled nmethods': size=120032Kb used=10628Kb max_used=10628Kb free=109403Kb
 bounds [0x00007f5222ec8000, 0x00007f5223938000, 0x00007f522a400000]
CodeHeap 'profiled nmethods': size=120028Kb used=31831Kb max_used=33535Kb free=88196Kb
 bounds [0x00007f521b991000, 0x00007f521da51000, 0x00007f5222ec8000]
CodeHeap 'non-nmethods': size=5700Kb used=1652Kb max_used=1709Kb free=4047Kb
 bounds [0x00007f521b400000, 0x00007f521b670000, 0x00007f521b991000]
 total_blobs=17357 nmethods=16326 adapters=941
 compilation: enabled
              stopped_count=0, restarted_count=0
 full_count=0

Compilation events (20 events):
Event: 354.510 Thread 0x00007f5230188800 17420   !   3       java.io.PrintStream::write (69 bytes)
Event: 354.511 Thread 0x00007f5230188800 nmethod 17420 0x00007f521bb3ea10 code [0x00007f521bb3ec40, 0x00007f521bb3f410]
Event: 354.634 Thread 0x00007f5230186800 17421       4       org.apache.kafka.common.message.ApiVersionsResponseData$ApiVersion::<init> (32 bytes)
Event: 354.635 Thread 0x00007f5230186800 nmethod 17421 0x00007f5222ee8a10 code [0x00007f5222ee8ba0, 0x00007f5222ee8c38]
Event: 354.635 Thread 0x00007f5230186800 17422       4       org.apache.kafka.common.message.ApiVersionsResponseData$ApiVersion::setApiKey (7 bytes)
Event: 354.635 Thread 0x00007f5230186800 nmethod 17422 0x00007f5222f11990 code [0x00007f5222f11b20, 0x00007f5222f11b98]
Event: 354.999 Thread 0x00007f5230186800 17423       4       java.util.Collections$UnmodifiableCollection::stream (10 bytes)
Event: 355.003 Thread 0x00007f5230186800 nmethod 17423 0x00007f52230bce90 code [0x00007f52230bd060, 0x00007f52230bd4e8]
Event: 355.044 Thread 0x00007f5230186800 17424       4       java.util.EnumMap::unmaskNull (13 bytes)
Event: 355.045 Thread 0x00007f5230186800 nmethod 17424 0x00007f52230bcb90 code [0x00007f52230bcd20, 0x00007f52230bcdb8]
Event: 355.123 Thread 0x00007f5230186800 17425       4       org.apache.kafka.common.message.ApiVersionsResponseData$ApiVersion::setMinVersion (7 bytes)
Event: 355.124 Thread 0x00007f5230186800 nmethod 17425 0x00007f52230bc890 code [0x00007f52230bca20, 0x00007f52230bca98]
Event: 355.124 Thread 0x00007f5230186800 17426       4       org.apache.kafka.common.message.ApiVersionsResponseData$ApiVersion::setMaxVersion (7 bytes)
Event: 355.124 Thread 0x00007f5230186800 nmethod 17426 0x00007f52230bc510 code [0x00007f52230bc6a0, 0x00007f52230bc718]
Event: 355.448 Thread 0x00007f5230186800 17427       4       java.util.regex.Pattern::sequence (647 bytes)
Event: 355.477 Thread 0x00007f5230186800 nmethod 17427 0x00007f5222f63810 code [0x00007f5222f63ac0, 0x00007f5222f65030]
Event: 355.758 Thread 0x00007f5230186800 17428       4       org.apache.kafka.clients.NetworkClient::canSendRequest (42 bytes)
Event: 355.794 Thread 0x00007f5230186800 nmethod 17428 0x00007f522392a010 code [0x00007f522392a2e0, 0x00007f522392b940]
Event: 355.794 Thread 0x00007f5230186800 17429       4       java.util.Optional::isPresent (13 bytes)
Event: 355.794 Thread 0x00007f5230186800 nmethod 17429 0x00007f5222f63490 code [0x00007f5222f63620, 0x00007f5222f63698]

GC Heap History (20 events):
Event: 93.953 GC heap before
{Heap before GC invocations=25 (full 0):
 garbage-first heap   total 256000K, used 204775K [0x00000000c0000000, 0x0000000100000000)
  region size 1024K, 127 young (130048K), 4 survivors (4096K)
 Metaspace       used 146978K, capacity 154784K, committed 155068K, reserved 1179648K
  class space    used 20575K, capacity 24385K, committed 24480K, reserved 1048576K
}
Event: 93.958 GC heap after
{Heap after GC invocations=26 (full 0):
 garbage-first heap   total 256000K, used 78762K [0x00000000c0000000, 0x0000000100000000)
  region size 1024K, 4 young (4096K), 4 survivors (4096K)
 Metaspace       used 146978K, capacity 154784K, committed 155068K, reserved 1179648K
  class space    used 20575K, capacity 24385K, committed 24480K, reserved 1048576K
}
Event: 120.790 GC heap before
{Heap before GC invocations=26 (full 0):
 garbage-first heap   total 256000K, used 207786K [0x00000000c0000000, 0x0000000100000000)
  region size 1024K, 130 young (133120K), 4 survivors (4096K)
 Metaspace       used 147034K, capacity 154868K, committed 155068K, reserved 1179648K
  class space    used 20578K, capacity 24388K, committed 24480K, reserved 1048576K
}
Event: 120.796 GC heap after
{Heap after GC invocations=27 (full 0):
 garbage-first heap   total 256000K, used 78679K [0x00000000c0000000, 0x0000000100000000)
  region size 1024K, 4 young (4096K), 4 survivors (4096K)
 Metaspace       used 147034K, capacity 154868K, committed 155068K, reserved 1179648K
  class space    used 20578K, capacity 24388K, committed 24480K, reserved 1048576K
}
Event: 147.946 GC heap before
{Heap before GC invocations=27 (full 0):
 garbage-first heap   total 256000K, used 209751K [0x00000000c0000000, 0x0000000100000000)
  region size 1024K, 132 young (135168K), 4 survivors (4096K)
 Metaspace       used 147060K, capacity 154869K, committed 155068K, reserved 1179648K
  class space    used 20580K, capacity 24388K, committed 24480K, reserved 1048576K
}
Event: 147.951 GC heap after
{Heap after GC invocations=28 (full 0):
 garbage-first heap   total 256000K, used 78670K [0x00000000c0000000, 0x0000000100000000)
  region size 1024K, 4 young (4096K), 4 survivors (4096K)
 Metaspace       used 147060K, capacity 154869K, committed 155068K, reserved 1179648K
  class space    used 20580K, capacity 24388K, committed 24480K, reserved 1048576K
}
Event: 175.417 GC heap before
{Heap before GC invocations=28 (full 0):
 garbage-first heap   total 256000K, used 211790K [0x00000000c0000000, 0x0000000100000000)
  region size 1024K, 134 young (137216K), 4 survivors (4096K)
 Metaspace       used 147069K, capacity 154874K, committed 155068K, reserved 1179648K
  class space    used 20581K, capacity 24388K, committed 24480K, reserved 1048576K
}
Event: 175.423 GC heap after
{Heap after GC invocations=29 (full 0):
 garbage-first heap   total 256000K, used 78773K [0x00000000c0000000, 0x0000000100000000)
  region size 1024K, 4 young (4096K), 4 survivors (4096K)
 Metaspace       used 147069K, capacity 154874K, committed 155068K, reserved 1179648K
  class space    used 20581K, capacity 24388K, committed 24480K, reserved 1048576K
}
Event: 203.695 GC heap before
{Heap before GC invocations=29 (full 0):
 garbage-first heap   total 256000K, used 213941K [0x00000000c0000000, 0x0000000100000000)
  region size 1024K, 136 young (139264K), 4 survivors (4096K)
 Metaspace       used 147094K, capacity 154942K, committed 155068K, reserved 1179648K
  class space    used 20581K, capacity 24388K, committed 24480K, reserved 1048576K
}
Event: 203.701 GC heap after
{Heap after GC invocations=30 (full 0):
 garbage-first heap   total 256000K, used 78670K [0x00000000c0000000, 0x0000000100000000)
  region size 1024K, 4 young (4096K), 4 survivors (4096K)
 Metaspace       used 147094K, capacity 154942K, committed 155068K, reserved 1179648K
  class space    used 20581K, capacity 24388K, committed 24480K, reserved 1048576K
}
Event: 232.224 GC heap before
{Heap before GC invocations=30 (full 0):
 garbage-first heap   total 256000K, used 215886K [0x00000000c0000000, 0x0000000100000000)
  region size 1024K, 138 young (141312K), 4 survivors (4096K)
 Metaspace       used 147145K, capacity 155026K, committed 155324K, reserved 1179648K
  class space    used 20581K, capacity 24388K, committed 24480K, reserved 1048576K
}
Event: 232.229 GC heap after
{Heap after GC invocations=31 (full 0):
 garbage-first heap   total 256000K, used 78889K [0x00000000c0000000, 0x0000000100000000)
  region size 1024K, 4 young (4096K), 4 survivors (4096K)
 Metaspace       used 147145K, capacity 155026K, committed 155324K, reserved 1179648K
  class space    used 20581K, capacity 24388K, committed 24480K, reserved 1048576K
}
Event: 261.120 GC heap before
{Heap before GC invocations=31 (full 0):
 garbage-first heap   total 256000K, used 217129K [0x00000000c0000000, 0x0000000100000000)
  region size 1024K, 139 young (142336K), 4 survivors (4096K)
 Metaspace       used 147177K, capacity 155028K, committed 155324K, reserved 1179648K
  class space    used 20581K, capacity 24388K, committed 24480K, reserved 1048576K
}
Event: 261.124 GC heap after
{Heap after GC invocations=32 (full 0):
 garbage-first heap   total 256000K, used 78775K [0x00000000c0000000, 0x0000000100000000)
  region size 1024K, 4 young (4096K), 4 survivors (4096K)
 Metaspace       used 147177K, capacity 155028K, committed 155324K, reserved 1179648K
  class space    used 20581K, capacity 24388K, committed 24480K, reserved 1048576K
}
Event: 290.149 GC heap before
{Heap before GC invocations=32 (full 0):
 garbage-first heap   total 256000K, used 218039K [0x00000000c0000000, 0x0000000100000000)
  region size 1024K, 140 young (143360K), 4 survivors (4096K)
 Metaspace       used 147187K, capacity 155094K, committed 155324K, reserved 1179648K
  class space    used 20581K, capacity 24388K, committed 24480K, reserved 1048576K
}
Event: 290.153 GC heap after
{Heap after GC invocations=33 (full 0):
 garbage-first heap   total 256000K, used 78880K [0x00000000c0000000, 0x0000000100000000)
  region size 1024K, 4 young (4096K), 4 survivors (4096K)
 Metaspace       used 147187K, capacity 155094K, committed 155324K, reserved 1179648K
  class space    used 20581K, capacity 24388K, committed 24480K, reserved 1048576K
}
Event: 319.523 GC heap before
{Heap before GC invocations=33 (full 0):
 garbage-first heap   total 256000K, used 219168K [0x00000000c0000000, 0x0000000100000000)
  region size 1024K, 141 young (144384K), 4 survivors (4096K)
 Metaspace       used 147199K, capacity 155095K, committed 155324K, reserved 1179648K
  class space    used 20581K, capacity 24388K, committed 24480K, reserved 1048576K
}
Event: 319.529 GC heap after
{Heap after GC invocations=34 (full 0):
 garbage-first heap   total 256000K, used 78787K [0x00000000c0000000, 0x0000000100000000)
  region size 1024K, 4 young (4096K), 4 survivors (4096K)
 Metaspace       used 147199K, capacity 155095K, committed 155324K, reserved 1179648K
  class space    used 20581K, capacity 24388K, committed 24480K, reserved 1048576K
}
Event: 349.251 GC heap before
{Heap before GC invocations=34 (full 0):
 garbage-first heap   total 256000K, used 220099K [0x00000000c0000000, 0x0000000100000000)
  region size 1024K, 142 young (145408K), 4 survivors (4096K)
 Metaspace       used 147269K, capacity 155108K, committed 155324K, reserved 1179648K
  class space    used 20585K, capacity 24390K, committed 24480K, reserved 1048576K
}
Event: 349.256 GC heap after
{Heap after GC invocations=35 (full 0):
 garbage-first heap   total 256000K, used 78780K [0x00000000c0000000, 0x0000000100000000)
  region size 1024K, 4 young (4096K), 4 survivors (4096K)
 Metaspace       used 147269K, capacity 155108K, committed 155324K, reserved 1179648K
  class space    used 20585K, capacity 24390K, committed 24480K, reserved 1048576K
}

Deoptimization events (20 events):
Event: 344.481 Thread 0x00007f5118198800 Uncommon trap: trap_request=0xffffff4d fr.pc=0x00007f52237ebac8 relative=0x0000000000000a28
Event: 344.481 Thread 0x00007f5118198800 Uncommon trap: reason=unstable_if action=reinterpret pc=0x00007f52237ebac8 method=org.apache.kafka.clients.NetworkClient.leastLoadedNode(J)Lorg/apache/kafka/common/Node; @ 108 c2
Event: 344.481 Thread 0x00007f5118198800 DEOPT PACKING pc=0x00007f52237ebac8 sp=0x00007f50fb9fe770
Event: 344.481 Thread 0x00007f5118198800 DEOPT UNPACKING pc=0x00007f521b449ea5 sp=0x00007f50fb9fe6f8 mode 2
Event: 344.481 Thread 0x00007f5118198800 Uncommon trap: trap_request=0xffffff4d fr.pc=0x00007f5223722cb8 relative=0x0000000000001178
Event: 344.481 Thread 0x00007f5118198800 Uncommon trap: reason=unstable_if action=reinterpret pc=0x00007f5223722cb8 method=org.apache.kafka.clients.admin.KafkaAdminClient$AdminClientRunnable.maybeDrainPendingCall(Lorg/apache/kafka/clients/admin/KafkaAdminClient$Call;J)Z @ 13 c2
Event: 344.481 Thread 0x00007f5118198800 DEOPT PACKING pc=0x00007f5223722cb8 sp=0x00007f50fb9fe7d0
Event: 344.481 Thread 0x00007f5118198800 DEOPT UNPACKING pc=0x00007f521b449ea5 sp=0x00007f50fb9fe740 mode 2
Event: 344.481 Thread 0x00007f5118198800 Uncommon trap: trap_request=0xffffff4d fr.pc=0x00007f5223718560 relative=0x00000000000004e0
Event: 344.481 Thread 0x00007f5118198800 Uncommon trap: reason=unstable_if action=reinterpret pc=0x00007f5223718560 method=org.apache.kafka.clients.InFlightRequests.canSendMore(Ljava/lang/String;)Z @ 24 c2
Event: 344.481 Thread 0x00007f5118198800 DEOPT PACKING pc=0x00007f5223718560 sp=0x00007f50fb9fe510
Event: 344.481 Thread 0x00007f5118198800 DEOPT UNPACKING pc=0x00007f521b449ea5 sp=0x00007f50fb9fe4e8 mode 2
Event: 344.481 Thread 0x00007f5118198800 Uncommon trap: trap_request=0xffffff4d fr.pc=0x00007f5223776fb8 relative=0x0000000000000378
Event: 344.481 Thread 0x00007f5118198800 Uncommon trap: reason=unstable_if action=reinterpret pc=0x00007f5223776fb8 method=org.apache.kafka.common.utils.ImplicitLinkedHashCollection.clear(I)V @ 1 c2
Event: 344.481 Thread 0x00007f5118198800 DEOPT PACKING pc=0x00007f5223776fb8 sp=0x00007f50fb9fe460
Event: 344.481 Thread 0x00007f5118198800 DEOPT UNPACKING pc=0x00007f521b449ea5 sp=0x00007f50fb9fe420 mode 2
Event: 344.481 Thread 0x00007f5118198800 Uncommon trap: trap_request=0xffffff4d fr.pc=0x00007f522305efe0 relative=0x0000000000000220
Event: 344.481 Thread 0x00007f5118198800 Uncommon trap: reason=unstable_if action=reinterpret pc=0x00007f522305efe0 method=java.util.HashMap.forEach(Ljava/util/function/BiConsumer;)V @ 16 c2
Event: 344.481 Thread 0x00007f5118198800 DEOPT PACKING pc=0x00007f522305efe0 sp=0x00007f50fb9fe2d0
Event: 344.481 Thread 0x00007f5118198800 DEOPT UNPACKING pc=0x00007f521b449ea5 sp=0x00007f50fb9fe280 mode 2

Classes redefined (0 events):
No events

Internal exceptions (20 events):
Event: 44.798 Thread 0x00007f50fc4e6000 Exception <a 'java/lang/NoSuchMethodError'{0x00000000c89a0058}: <clinit>> (0x00000000c89a0058) thrown at [./src/hotspot/share/prims/jni.cpp, line 1372]
Event: 44.799 Thread 0x00007f50fc4e6000 Exception <a 'java/lang/NoSuchMethodError'{0x00000000c89b03c0}: <clinit>> (0x00000000c89b03c0) thrown at [./src/hotspot/share/prims/jni.cpp, line 1372]
Event: 44.800 Thread 0x00007f50fc4e6000 Exception <a 'java/lang/NoSuchMethodError'{0x00000000c89ca938}: <clinit>> (0x00000000c89ca938) thrown at [./src/hotspot/share/prims/jni.cpp, line 1372]
Event: 44.801 Thread 0x00007f50fc4e6000 Exception <a 'java/lang/NoSuchMethodError'{0x00000000c8801450}: <clinit>> (0x00000000c8801450) thrown at [./src/hotspot/share/prims/jni.cpp, line 1372]
Event: 44.801 Thread 0x00007f50fc4e6000 Exception <a 'java/lang/NoSuchMethodError'{0x00000000c88146d0}: <clinit>> (0x00000000c88146d0) thrown at [./src/hotspot/share/prims/jni.cpp, line 1372]
Event: 44.802 Thread 0x00007f50fc4e6000 Exception <a 'java/lang/NoSuchMethodError'{0x00000000c8832b48}: <clinit>> (0x00000000c8832b48) thrown at [./src/hotspot/share/prims/jni.cpp, line 1372]
Event: 44.802 Thread 0x00007f50fc4e6000 Exception <a 'java/lang/NoSuchMethodError'{0x00000000c88366d8}: <clinit>> (0x00000000c88366d8) thrown at [./src/hotspot/share/prims/jni.cpp, line 1372]
Event: 44.803 Thread 0x00007f50fc4e6000 Exception <a 'java/lang/NoSuchMethodError'{0x00000000c8843c90}: <clinit>> (0x00000000c8843c90) thrown at [./src/hotspot/share/prims/jni.cpp, line 1372]
Event: 44.804 Thread 0x00007f50fc4e6000 Exception <a 'java/lang/NoSuchMethodError'{0x00000000c8856cd0}: <clinit>> (0x00000000c8856cd0) thrown at [./src/hotspot/share/prims/jni.cpp, line 1372]
Event: 44.804 Thread 0x00007f50fc4e6000 Exception <a 'java/lang/NoSuchMethodError'{0x00000000c88599a8}: <clinit>> (0x00000000c88599a8) thrown at [./src/hotspot/share/prims/jni.cpp, line 1372]
Event: 44.805 Thread 0x00007f50fc4e6000 Exception <a 'java/lang/NoSuchMethodError'{0x00000000c887ad18}: <clinit>> (0x00000000c887ad18) thrown at [./src/hotspot/share/prims/jni.cpp, line 1372]
Event: 45.001 Thread 0x00007f50fc4e6000 Exception <a 'java/lang/NoSuchMethodError'{0x00000000cf4c3ec0}: 'java.lang.Object java.lang.invoke.DirectMethodHandle$Holder.invokeStatic(java.lang.Object, java.lang.Object, int, int, java.lang.Object)'> (0x00000000cf4c3ec0) thrown at [./src/hotspot/share/interpreter/linkResolver.cpp, line 773]
Event: 45.021 Thread 0x00007f5231ef0000 Exception <a 'java/lang/NoSuchMethodError'{0x00000000cf22a100}: <clinit>> (0x00000000cf22a100) thrown at [./src/hotspot/share/prims/jni.cpp, line 1372]
Event: 68.391 Thread 0x00007f50fc4e6000 Implicit null exception at 0x00007f522379d85a to 0x00007f52237a08c4
Event: 75.231 Thread 0x00007f50fc4e6000 Implicit null exception at 0x00007f52237d5ef8 to 0x00007f52237d6494
Event: 75.720 Thread 0x00007f50fc4e6000 Implicit null exception at 0x00007f52237d7314 to 0x00007f52237d789c
Event: 76.212 Thread 0x00007f50fc4e6000 Implicit null exception at 0x00007f52237d92e1 to 0x00007f52237d972c
Event: 76.704 Thread 0x00007f50fc4e6000 Implicit null exception at 0x00007f52237da4b4 to 0x00007f52237da8bc
Event: 77.197 Thread 0x00007f50fc4e6000 Implicit null exception at 0x00007f52237dc37d to 0x00007f52237dc74c
Event: 77.692 Thread 0x00007f50fc4e6000 Implicit null exception at 0x00007f52237e193a to 0x00007f52237e1cc8

Events (20 events):
Event: 344.393 loading class org/slf4j/helpers/MessageFormatter
Event: 344.393 loading class org/slf4j/helpers/MessageFormatter done
Event: 344.422 loading class org/slf4j/helpers/NormalizedParameters
Event: 344.422 loading class org/slf4j/helpers/NormalizedParameters done
Event: 344.423 loading class org/slf4j/helpers/FormattingTuple
Event: 344.423 loading class org/slf4j/helpers/FormattingTuple done
Event: 344.423 loading class org/apache/kafka/clients/NetworkClient$1
Event: 344.423 loading class org/apache/kafka/clients/NetworkClient$1 done
Event: 344.450 loading class java/util/ArrayDeque$DescendingIterator
Event: 344.477 loading class java/util/ArrayDeque$DescendingIterator done
Event: 344.478 Executing VM operation: Deoptimize
Event: 344.479 Executing VM operation: Deoptimize done
Event: 344.479 loading class org/apache/kafka/common/errors/AuthenticationException
Event: 344.479 loading class org/apache/kafka/common/errors/AuthenticationException done
Event: 344.479 loading class org/apache/kafka/clients/admin/internals/AdminMetadataManager
Event: 344.479 loading class org/apache/kafka/clients/admin/internals/AdminMetadataManager done
Event: 344.480 Executing VM operation: RevokeBias
Event: 344.480 Executing VM operation: RevokeBias done
Event: 349.251 Executing VM operation: G1CollectForAllocation
Event: 349.256 Executing VM operation: G1CollectForAllocation done


Dynamic libraries:
c0000000-cf800000 rw-p 00000000 00:00 0 
cf800000-ffc00000 ---p 00000000 00:00 0 
ffc00000-ffc43000 rw-p 009cd000 00:52 4246168                            /opt/java/openjdk/lib/server/classes.jsa
ffc43000-ffd00000 rw-p 00000000 00:00 0 
ffd00000-ffe00000 ---p 00000000 00:00 0 
ffe00000-ffe66000 rw-p 00967000 00:52 4246168                            /opt/java/openjdk/lib/server/classes.jsa
ffe66000-fff00000 rw-p 00000000 00:00 0 
fff00000-100000000 ---p 00000000 00:00 0 
800000000-800002000 rwxp 00001000 00:52 4246168                          /opt/java/openjdk/lib/server/classes.jsa
800002000-8003c4000 rw-p 00003000 00:52 4246168                          /opt/java/openjdk/lib/server/classes.jsa
8003c4000-800965000 r--p 003c5000 00:52 4246168                          /opt/java/openjdk/lib/server/classes.jsa
800965000-800966000 rw-p 00966000 00:52 4246168                          /opt/java/openjdk/lib/server/classes.jsa
840000000-8417e8000 rw-p 00000000 00:00 0 
8417e8000-880000000 ---p 00000000 00:00 0 
55fd07400000-55fd07401000 r-xp 00000000 00:52 4245835                    /opt/java/openjdk/bin/java
55fd07601000-55fd07602000 r--p 00001000 00:52 4245835                    /opt/java/openjdk/bin/java
55fd07602000-55fd07603000 rw-p 00002000 00:52 4245835                    /opt/java/openjdk/bin/java
55fd447e5000-55fd44827000 rw-p 00000000 00:00 0                          [heap]
7f50fa200000-7f50fa400000 rw-p 00000000 00:00 0 
7f50fa400000-7f50fa600000 rw-p 00000000 00:00 0 
7f50fa800000-7f50faa00000 rw-p 00000000 00:00 0 
7f50faa00000-7f50fac00000 rw-p 00000000 00:00 0 
7f50fac00000-7f50fae00000 rw-p 00000000 00:00 0 
7f50faef9000-7f50faefd000 ---p 00000000 00:00 0 
7f50faefd000-7f50faffa000 rw-p 00000000 00:00 0 
7f50faffa000-7f50faffe000 ---p 00000000 00:00 0 
7f50faffe000-7f50fb0fb000 rw-p 00000000 00:00 0 
7f50fb600000-7f50fb800000 rw-p 00000000 00:00 0 
7f50fb8ff000-7f50fb903000 ---p 00000000 00:00 0 
7f50fb903000-7f50fba00000 rw-p 00000000 00:00 0 
7f50fba00000-7f50fbc00000 rw-p 00000000 00:00 0 
7f50fbcff000-7f50fbd03000 ---p 00000000 00:00 0 
7f50fbd03000-7f50fbe00000 rw-p 00000000 00:00 0 
7f50fbe00000-7f50fc000000 rw-p 00000000 00:00 0 
7f50fc000000-7f50fceb6000 rw-p 00000000 00:00 0 
7f50fceb6000-7f5100000000 ---p 00000000 00:00 0 
7f51000ff000-7f5100103000 ---p 00000000 00:00 0 
7f5100103000-7f5100200000 rw-p 00000000 00:00 0 
7f5100200000-7f5100400000 rw-p 00000000 00:00 0 
7f51004e8000-7f51008e9000 rw-p 00000000 00:00 0 
7f51008e9000-7f51008ed000 ---p 00000000 00:00 0 
7f51008ed000-7f51009ea000 rw-p 00000000 00:00 0 
7f5102000000-7f5102200000 rw-p 00000000 00:00 0 
7f5102316000-7f5102400000 r-xp 00000000 00:52 4348374                    /tmp/libzstd-jni-1.5.5-412079995024602844310.so (deleted)
7f5102400000-7f51025ff000 ---p 000ea000 00:52 4348374                    /tmp/libzstd-jni-1.5.5-412079995024602844310.so (deleted)
7f51025ff000-7f5102600000 rw-p 000e9000 00:52 4348374                    /tmp/libzstd-jni-1.5.5-412079995024602844310.so (deleted)
7f5102600000-7f5102800000 rw-p 00000000 00:00 0 
7f5103ba0000-7f5103ba4000 ---p 00000000 00:00 0 
7f5103ba4000-7f5103ca1000 rw-p 00000000 00:00 0 
7f5103ca1000-7f5103ca5000 ---p 00000000 00:00 0 
7f5103ca5000-7f5103da2000 rw-p 00000000 00:00 0 
7f51041a6000-7f51041aa000 ---p 00000000 00:00 0 
7f51041aa000-7f51042a7000 rw-p 00000000 00:00 0 
7f51043a8000-7f51043ac000 ---p 00000000 00:00 0 
7f51043ac000-7f51044a9000 rw-p 00000000 00:00 0 
7f51099fe000-7f5109a02000 ---p 00000000 00:00 0 
7f5109a02000-7f5109aff000 rw-p 00000000 00:00 0 
7f5109aff000-7f5109b03000 ---p 00000000 00:00 0 
7f5109b03000-7f5109c00000 rw-p 00000000 00:00 0 
7f5109c00000-7f5109de5000 rw-p 00000000 00:00 0 
7f5109de5000-7f5109e00000 ---p 00000000 00:00 0 
7f5109e00000-7f510a000000 rw-p 00000000 00:00 0 
7f510a0f7000-7f510a0fb000 ---p 00000000 00:00 0 
7f510a0fb000-7f510a1f8000 rw-p 00000000 00:00 0 
7f510a4fb000-7f510a4ff000 ---p 00000000 00:00 0 
7f510a4ff000-7f510a5fc000 rw-p 00000000 00:00 0 
7f510a6fd000-7f510a701000 ---p 00000000 00:00 0 
7f510a701000-7f510a7fe000 rw-p 00000000 00:00 0 
7f510aa00000-7f510ac00000 rw-p 00000000 00:00 0 
7f510ac00000-7f510ae00000 rw-p 00000000 00:00 0 
7f510ae00000-7f510b000000 rw-p 00000000 00:00 0 
7f510b000000-7f510b200000 rw-p 00000000 00:00 0 
7f510b2ff000-7f510b303000 ---p 00000000 00:00 0 
7f510b303000-7f510b400000 rw-p 00000000 00:00 0 
7f510b400000-7f510b600000 rw-p 00000000 00:00 0 
7f510b600000-7f510b800000 rw-p 00000000 00:00 0 
7f510b800000-7f510ba00000 rw-p 00000000 00:00 0 
7f510baf9000-7f510bafd000 ---p 00000000 00:00 0 
7f510bafd000-7f510bbfa000 rw-p 00000000 00:00 0 
7f510bdfc000-7f510be00000 ---p 00000000 00:00 0 
7f510be00000-7f510befd000 rw-p 00000000 00:00 0 
7f510bffe000-7f510c002000 ---p 00000000 00:00 0 
7f510c002000-7f510c0ff000 rw-p 00000000 00:00 0 
7f510c0ff000-7f510c103000 ---p 00000000 00:00 0 
7f510c103000-7f510c200000 rw-p 00000000 00:00 0 
7f510c200000-7f510c400000 rw-p 00000000 00:00 0 
7f510c400000-7f510c600000 rw-p 00000000 00:00 0 
7f510c600000-7f510c800000 rw-p 00000000 00:00 0 
7f510c800000-7f510ca00000 rw-p 00000000 00:00 0 
7f510ca00000-7f510cc00000 rw-p 00000000 00:00 0 
7f510cc00000-7f510ce00000 rw-p 00000000 00:00 0 
7f510ce00000-7f510d000000 rw-p 00000000 00:00 0 
7f510d0fd000-7f510d101000 ---p 00000000 00:00 0 
7f510d101000-7f510d1fe000 rw-p 00000000 00:00 0 
7f510d2ff000-7f510d303000 ---p 00000000 00:00 0 
7f510d303000-7f510d400000 rw-p 00000000 00:00 0 
7f510d400000-7f510d600000 rw-p 00000000 00:00 0 
7f510d600000-7f510d800000 rw-p 00000000 00:00 0 
7f510d800000-7f510da00000 rw-p 00000000 00:00 0 
7f510da00000-7f510dc00000 rw-p 00000000 00:00 0 
7f510dc00000-7f510de00000 rw-p 00000000 00:00 0 
7f510dedd000-7f510dee1000 ---p 00000000 00:00 0 
7f510dee1000-7f510dfde000 rw-p 00000000 00:00 0 
7f510e0df000-7f510e0e3000 ---p 00000000 00:00 0 
7f510e0e3000-7f510e1e0000 rw-p 00000000 00:00 0 
7f510e1e0000-7f510e1e4000 ---p 00000000 00:00 0 
7f510e1e4000-7f510e2e1000 rw-p 00000000 00:00 0 
7f510e3e2000-7f510e3e6000 ---p 00000000 00:00 0 
7f510e3e6000-7f510e4e3000 rw-p 00000000 00:00 0 
7f510e5e4000-7f510e5e8000 ---p 00000000 00:00 0 
7f510e5e8000-7f510e6e5000 rw-p 00000000 00:00 0 
7f510e7e6000-7f510e7ea000 ---p 00000000 00:00 0 
7f510e7ea000-7f510e8e7000 rw-p 00000000 00:00 0 
7f510e8e7000-7f510e8eb000 ---p 00000000 00:00 0 
7f510e8eb000-7f510e9e8000 rw-p 00000000 00:00 0 
7f510e9e8000-7f510e9ec000 ---p 00000000 00:00 0 
7f510e9ec000-7f510eae9000 rw-p 00000000 00:00 0 
7f510eae9000-7f510eaed000 ---p 00000000 00:00 0 
7f510eaed000-7f510ebea000 rw-p 00000000 00:00 0 
7f510ebea000-7f510ebee000 ---p 00000000 00:00 0 
7f510ebee000-7f510eceb000 rw-p 00000000 00:00 0 
7f510eceb000-7f510ecef000 ---p 00000000 00:00 0 
7f510ecef000-7f510edec000 rw-p 00000000 00:00 0 
7f510edec000-7f510edf0000 ---p 00000000 00:00 0 
7f510edf0000-7f510eeed000 rw-p 00000000 00:00 0 
7f510f0ef000-7f510f0f3000 ---p 00000000 00:00 0 
7f510f0f3000-7f510f1f0000 rw-p 00000000 00:00 0 
7f510f1f0000-7f510f1f4000 ---p 00000000 00:00 0 
7f510f1f4000-7f510f2f1000 rw-p 00000000 00:00 0 
7f510f2f1000-7f510f2f5000 ---p 00000000 00:00 0 
7f510f2f5000-7f510f3f2000 rw-p 00000000 00:00 0 
7f510f4f3000-7f510f4f7000 ---p 00000000 00:00 0 
7f510f4f7000-7f510f5f4000 rw-p 00000000 00:00 0 
7f510f5f4000-7f510f5f8000 ---p 00000000 00:00 0 
7f510f5f8000-7f510f6f5000 rw-p 00000000 00:00 0 
7f510f8f7000-7f510f8fb000 ---p 00000000 00:00 0 
7f510f8fb000-7f510f9f8000 rw-p 00000000 00:00 0 
7f510f9f8000-7f510f9fc000 ---p 00000000 00:00 0 
7f510f9fc000-7f510faf9000 rw-p 00000000 00:00 0 
7f510faf9000-7f510fafd000 ---p 00000000 00:00 0 
7f510fafd000-7f510fbfa000 rw-p 00000000 00:00 0 
7f510fdfc000-7f510fe00000 ---p 00000000 00:00 0 
7f510fe00000-7f510fefd000 rw-p 00000000 00:00 0 
7f510fffe000-7f5110002000 ---p 00000000 00:00 0 
7f5110002000-7f51100ff000 rw-p 00000000 00:00 0 
7f51100ff000-7f5110103000 ---p 00000000 00:00 0 
7f5110103000-7f5110200000 rw-p 00000000 00:00 0 
7f5110200000-7f5110400000 rw-p 00000000 00:00 0 
7f51105ff000-7f5110c00000 rw-p 00000000 00:00 0 
7f5110cfc000-7f5110d00000 ---p 00000000 00:00 0 
7f5110d00000-7f5110dfd000 rw-p 00000000 00:00 0 
7f5110dfd000-7f5110e01000 ---p 00000000 00:00 0 
7f5110e01000-7f5110efe000 rw-p 00000000 00:00 0 
7f5110efe000-7f51112ff000 rw-p 00000000 00:00 0 
7f51112ff000-7f5111303000 ---p 00000000 00:00 0 
7f5111303000-7f5111400000 rw-p 00000000 00:00 0 
7f5111400000-7f5111600000 rw-p 00000000 00:00 0 
7f51116f5000-7f5111af6000 rw-p 00000000 00:00 0 
7f5111af6000-7f5111afa000 ---p 00000000 00:00 0 
7f5111afa000-7f5111bf7000 rw-p 00000000 00:00 0 
7f5111bf7000-7f5111ff8000 rw-p 00000000 00:00 0 
7f5111ff8000-7f5111ffc000 ---p 00000000 00:00 0 
7f5111ffc000-7f51120f9000 rw-p 00000000 00:00 0 
7f51120f9000-7f51124fa000 rw-p 00000000 00:00 0 
7f51124fa000-7f51124fe000 ---p 00000000 00:00 0 
7f51124fe000-7f51125fb000 rw-p 00000000 00:00 0 
7f51125fb000-7f51129fc000 rw-p 00000000 00:00 0 
7f51129fc000-7f5112a00000 ---p 00000000 00:00 0 
7f5112a00000-7f5112afd000 rw-p 00000000 00:00 0 
7f5112afd000-7f5112efe000 rw-p 00000000 00:00 0 
7f5112efe000-7f5112f02000 ---p 00000000 00:00 0 
7f5112f02000-7f5112fff000 rw-p 00000000 00:00 0 
7f5112fff000-7f5113600000 rw-p 00000000 00:00 0 
7f5113600000-7f5113800000 rw-p 00000000 00:00 0 
7f51138db000-7f51138df000 ---p 00000000 00:00 0 
7f51138df000-7f51139dc000 rw-p 00000000 00:00 0 
7f51139dc000-7f5113a00000 r-xp 00000000 00:52 4348159                    /tmp/liblz4-java-3300565702881985809.so
7f5113a00000-7f5113bff000 ---p 00024000 00:52 4348159                    /tmp/liblz4-java-3300565702881985809.so
7f5113bff000-7f5113c00000 rw-p 00023000 00:52 4348159                    /tmp/liblz4-java-3300565702881985809.so
7f5113c00000-7f5113e00000 rw-p 00000000 00:00 0 
7f5113e00000-7f5113fe3000 rw-p 00000000 00:00 0 
7f5113fe3000-7f5114000000 ---p 00000000 00:00 0 
7f5114000000-7f5114053000 rw-p 00000000 00:00 0 
7f5114053000-7f5118000000 ---p 00000000 00:00 0 
7f5118000000-7f511838c000 rw-p 00000000 00:00 0 
7f511838c000-7f511c000000 ---p 00000000 00:00 0 
7f511c000000-7f511c15a000 rw-p 00000000 00:00 0 
7f511c15a000-7f5120000000 ---p 00000000 00:00 0 
7f5120000000-7f51200f6000 rw-p 00000000 00:00 0 
7f51200f6000-7f5124000000 ---p 00000000 00:00 0 
7f5124000000-7f51240a4000 rw-p 00000000 00:00 0 
7f51240a4000-7f5128000000 ---p 00000000 00:00 0 
7f5128000000-7f5128097000 rw-p 00000000 00:00 0 
7f5128097000-7f512c000000 ---p 00000000 00:00 0 
7f512c000000-7f512c050000 rw-p 00000000 00:00 0 
7f512c050000-7f5130000000 ---p 00000000 00:00 0 
7f5130000000-7f5130021000 rw-p 00000000 00:00 0 
7f5130021000-7f5134000000 ---p 00000000 00:00 0 
7f5134000000-7f5134021000 rw-p 00000000 00:00 0 
7f5134021000-7f5138000000 ---p 00000000 00:00 0 
7f5138000000-7f513802a000 rw-p 00000000 00:00 0 
7f513802a000-7f513c000000 ---p 00000000 00:00 0 
7f513c000000-7f513c021000 rw-p 00000000 00:00 0 
7f513c021000-7f5140000000 ---p 00000000 00:00 0 
7f5140000000-7f5140021000 rw-p 00000000 00:00 0 
7f5140021000-7f5144000000 ---p 00000000 00:00 0 
7f5144000000-7f514404b000 rw-p 00000000 00:00 0 
7f514404b000-7f5148000000 ---p 00000000 00:00 0 
7f5148000000-7f5148021000 rw-p 00000000 00:00 0 
7f5148021000-7f514c000000 ---p 00000000 00:00 0 
7f514c000000-7f514c021000 rw-p 00000000 00:00 0 
7f514c021000-7f5150000000 ---p 00000000 00:00 0 
7f5150000000-7f5150038000 rw-p 00000000 00:00 0 
7f5150038000-7f5154000000 ---p 00000000 00:00 0 
7f5154000000-7f5154022000 rw-p 00000000 00:00 0 
7f5154022000-7f5158000000 ---p 00000000 00:00 0 
7f5158000000-7f5158021000 rw-p 00000000 00:00 0 
7f5158021000-7f515c000000 ---p 00000000 00:00 0 
7f515c000000-7f515c04d000 rw-p 00000000 00:00 0 
7f515c04d000-7f5160000000 ---p 00000000 00:00 0 
7f5160000000-7f5160021000 rw-p 00000000 00:00 0 
7f5160021000-7f5164000000 ---p 00000000 00:00 0 
7f5164000000-7f5164021000 rw-p 00000000 00:00 0 
7f5164021000-7f5168000000 ---p 00000000 00:00 0 
7f5168000000-7f5168069000 rw-p 00000000 00:00 0 
7f5168069000-7f516c000000 ---p 00000000 00:00 0 
7f516c000000-7f516c021000 rw-p 00000000 00:00 0 
7f516c021000-7f5170000000 ---p 00000000 00:00 0 
7f5170000000-7f5170021000 rw-p 00000000 00:00 0 
7f5170021000-7f5174000000 ---p 00000000 00:00 0 
7f5174000000-7f5174021000 rw-p 00000000 00:00 0 
7f5174021000-7f5178000000 ---p 00000000 00:00 0 
7f5178000000-7f5178021000 rw-p 00000000 00:00 0 
7f5178021000-7f517c000000 ---p 00000000 00:00 0 
7f517c000000-7f517c159000 rw-p 00000000 00:00 0 
7f517c159000-7f5180000000 ---p 00000000 00:00 0 
7f5180000000-7f518015a000 rw-p 00000000 00:00 0 
7f518015a000-7f5184000000 ---p 00000000 00:00 0 
7f5184000000-7f5184021000 rw-p 00000000 00:00 0 
7f5184021000-7f5188000000 ---p 00000000 00:00 0 
7f5188000000-7f5188178000 rw-p 00000000 00:00 0 
7f5188178000-7f518c000000 ---p 00000000 00:00 0 
7f518c000000-7f518c021000 rw-p 00000000 00:00 0 
7f518c021000-7f5190000000 ---p 00000000 00:00 0 
7f5190000000-7f5190021000 rw-p 00000000 00:00 0 
7f5190021000-7f5194000000 ---p 00000000 00:00 0 
7f51940ff000-7f5194103000 ---p 00000000 00:00 0 
7f5194103000-7f5194200000 rw-p 00000000 00:00 0 
7f5194200000-7f5194400000 rw-p 00000000 00:00 0 
7f51944fb000-7f51944ff000 ---p 00000000 00:00 0 
7f51944ff000-7f51945fc000 rw-p 00000000 00:00 0 
7f51945fc000-7f5194600000 ---p 00000000 00:00 0 
7f5194600000-7f51946fd000 rw-p 00000000 00:00 0 
7f51946fd000-7f5194701000 ---p 00000000 00:00 0 
7f5194701000-7f51947fe000 rw-p 00000000 00:00 0 
7f51947fe000-7f5194802000 ---p 00000000 00:00 0 
7f5194802000-7f51948ff000 rw-p 00000000 00:00 0 
7f51948ff000-7f5194903000 ---p 00000000 00:00 0 
7f5194903000-7f5194a00000 rw-p 00000000 00:00 0 
7f5194a00000-7f5194c00000 rw-p 00000000 00:00 0 
7f5194cff000-7f5194d03000 ---p 00000000 00:00 0 
7f5194d03000-7f5194e00000 rw-p 00000000 00:00 0 
7f5194e00000-7f5195000000 rw-p 00000000 00:00 0 
7f51950f8000-7f51954f9000 rw-p 00000000 00:00 0 
7f51954f9000-7f51954fd000 ---p 00000000 00:00 0 
7f51954fd000-7f51955fa000 rw-p 00000000 00:00 0 
7f51956fb000-7f51956ff000 ---p 00000000 00:00 0 
7f51956ff000-7f51957fc000 rw-p 00000000 00:00 0 
7f51958fd000-7f5195901000 ---p 00000000 00:00 0 
7f5195901000-7f51959fe000 rw-p 00000000 00:00 0 
7f51959fe000-7f5195a02000 ---p 00000000 00:00 0 
7f5195a02000-7f5195aff000 rw-p 00000000 00:00 0 
7f5195aff000-7f5195b03000 ---p 00000000 00:00 0 
7f5195b03000-7f5195c00000 rw-p 00000000 00:00 0 
7f5195c00000-7f5195e00000 rw-p 00000000 00:00 0 
7f5195ef3000-7f5195ef7000 ---p 00000000 00:00 0 
7f5195ef7000-7f5195ff4000 rw-p 00000000 00:00 0 
7f5195ff4000-7f5195ff8000 ---p 00000000 00:00 0 
7f5195ff8000-7f51960f5000 rw-p 00000000 00:00 0 
7f51960f5000-7f51960f9000 ---p 00000000 00:00 0 
7f51960f9000-7f51961f6000 rw-p 00000000 00:00 0 
7f51961f6000-7f51961fa000 ---p 00000000 00:00 0 
7f51961fa000-7f51962f7000 rw-p 00000000 00:00 0 
7f51962f7000-7f51962fb000 ---p 00000000 00:00 0 
7f51962fb000-7f51963f8000 rw-p 00000000 00:00 0 
7f51963f8000-7f51963fc000 ---p 00000000 00:00 0 
7f51963fc000-7f51964f9000 rw-p 00000000 00:00 0 
7f51964f9000-7f51964fd000 ---p 00000000 00:00 0 
7f51964fd000-7f51965fa000 rw-p 00000000 00:00 0 
7f51965fa000-7f51965fe000 ---p 00000000 00:00 0 
7f51965fe000-7f51966fb000 rw-p 00000000 00:00 0 
7f51966fb000-7f51966ff000 ---p 00000000 00:00 0 
7f51966ff000-7f51967fc000 rw-p 00000000 00:00 0 
7f51967fc000-7f5196800000 ---p 00000000 00:00 0 
7f5196800000-7f51968fd000 rw-p 00000000 00:00 0 
7f51968fd000-7f5196901000 ---p 00000000 00:00 0 
7f5196901000-7f51969fe000 rw-p 00000000 00:00 0 
7f51969fe000-7f5196a02000 ---p 00000000 00:00 0 
7f5196a02000-7f5196aff000 rw-p 00000000 00:00 0 
7f5196aff000-7f5196b03000 ---p 00000000 00:00 0 
7f5196b03000-7f5196c00000 rw-p 00000000 00:00 0 
7f5196c00000-7f5196e00000 rw-p 00000000 00:00 0 
7f5196efd000-7f5196f01000 ---p 00000000 00:00 0 
7f5196f01000-7f5196ffe000 rw-p 00000000 00:00 0 
7f5196ffe000-7f5197002000 ---p 00000000 00:00 0 
7f5197002000-7f51970ff000 rw-p 00000000 00:00 0 
7f51970ff000-7f5197103000 ---p 00000000 00:00 0 
7f5197103000-7f5197200000 rw-p 00000000 00:00 0 
7f5197200000-7f5197400000 rw-p 00000000 00:00 0 
7f51974f5000-7f51974f9000 ---p 00000000 00:00 0 
7f51974f9000-7f51975f6000 rw-p 00000000 00:00 0 
7f51975f6000-7f51975fa000 ---p 00000000 00:00 0 
7f51975fa000-7f51976f7000 rw-p 00000000 00:00 0 
7f51976f7000-7f51976fb000 ---p 00000000 00:00 0 
7f51976fb000-7f51977f8000 rw-p 00000000 00:00 0 
7f51977f8000-7f51977fc000 ---p 00000000 00:00 0 
7f51977fc000-7f51978f9000 rw-p 00000000 00:00 0 
7f51978f9000-7f51978fd000 ---p 00000000 00:00 0 
7f51978fd000-7f51979fa000 rw-p 00000000 00:00 0 
7f51979fa000-7f51979fe000 ---p 00000000 00:00 0 
7f51979fe000-7f5197afb000 rw-p 00000000 00:00 0 
7f5197afb000-7f5197aff000 ---p 00000000 00:00 0 
7f5197aff000-7f5197bfc000 rw-p 00000000 00:00 0 
7f5197bfc000-7f5197c00000 ---p 00000000 00:00 0 
7f5197c00000-7f5197cfd000 rw-p 00000000 00:00 0 
7f5197cfd000-7f5197d01000 ---p 00000000 00:00 0 
7f5197d01000-7f5197dfe000 rw-p 00000000 00:00 0 
7f5197dfe000-7f5197e02000 ---p 00000000 00:00 0 
7f5197e02000-7f5197eff000 rw-p 00000000 00:00 0 
7f5197eff000-7f5197f03000 ---p 00000000 00:00 0 
7f5197f03000-7f5198000000 rw-p 00000000 00:00 0 
7f5198000000-7f5198021000 rw-p 00000000 00:00 0 
7f5198021000-7f519c000000 ---p 00000000 00:00 0 
7f519c000000-7f519c021000 rw-p 00000000 00:00 0 
7f519c021000-7f51a0000000 ---p 00000000 00:00 0 
7f51a0000000-7f51a0021000 rw-p 00000000 00:00 0 
7f51a0021000-7f51a4000000 ---p 00000000 00:00 0 
7f51a4000000-7f51a4037000 rw-p 00000000 00:00 0 
7f51a4037000-7f51a8000000 ---p 00000000 00:00 0 
7f51a8000000-7f51a8021000 rw-p 00000000 00:00 0 
7f51a8021000-7f51ac000000 ---p 00000000 00:00 0 
7f51ac000000-7f51ac021000 rw-p 00000000 00:00 0 
7f51ac021000-7f51b0000000 ---p 00000000 00:00 0 
7f51b0000000-7f51b0dad000 rw-p 00000000 00:00 0 
7f51b0dad000-7f51b4000000 ---p 00000000 00:00 0 
7f51b4000000-7f51b4021000 rw-p 00000000 00:00 0 
7f51b4021000-7f51b8000000 ---p 00000000 00:00 0 
7f51b8000000-7f51b80a9000 rw-p 00000000 00:00 0 
7f51b80a9000-7f51bc000000 ---p 00000000 00:00 0 
7f51bc000000-7f51bc046000 rw-p 00000000 00:00 0 
7f51bc046000-7f51c0000000 ---p 00000000 00:00 0 
7f51c0000000-7f51c006a000 rw-p 00000000 00:00 0 
7f51c006a000-7f51c4000000 ---p 00000000 00:00 0 
7f51c4000000-7f51c4028000 rw-p 00000000 00:00 0 
7f51c4028000-7f51c8000000 ---p 00000000 00:00 0 
7f51c8000000-7f51c8025000 rw-p 00000000 00:00 0 
7f51c8025000-7f51cc000000 ---p 00000000 00:00 0 
7f51cc000000-7f51cc042000 rw-p 00000000 00:00 0 
7f51cc042000-7f51d0000000 ---p 00000000 00:00 0 
7f51d0000000-7f51d0021000 rw-p 00000000 00:00 0 
7f51d0021000-7f51d4000000 ---p 00000000 00:00 0 
7f51d4000000-7f51d43ce000 rw-p 00000000 00:00 0 
7f51d43ce000-7f51d8000000 ---p 00000000 00:00 0 
7f51d80fb000-7f51d80ff000 ---p 00000000 00:00 0 
7f51d80ff000-7f51d81fc000 rw-p 00000000 00:00 0 
7f51d81fc000-7f51d8200000 ---p 00000000 00:00 0 
7f51d8200000-7f51d82fd000 rw-p 00000000 00:00 0 
7f51d82fd000-7f51d8301000 ---p 00000000 00:00 0 
7f51d8301000-7f51d83fe000 rw-p 00000000 00:00 0 
7f51d83fe000-7f51d8402000 ---p 00000000 00:00 0 
7f51d8402000-7f51d84ff000 rw-p 00000000 00:00 0 
7f51d84ff000-7f51d8503000 ---p 00000000 00:00 0 
7f51d8503000-7f51d8600000 rw-p 00000000 00:00 0 
7f51d8600000-7f51d8800000 rw-p 00000000 00:00 0 
7f51d8800000-7f51d8a00000 rw-p 00000000 00:00 0 
7f51d8a00000-7f51d8c00000 rw-p 00000000 00:00 0 
7f51d8c00000-7f51d8e00000 rw-p 00000000 00:00 0 
7f51d8efd000-7f51d8f01000 ---p 00000000 00:00 0 
7f51d8f01000-7f51d8ffe000 rw-p 00000000 00:00 0 
7f51d8ffe000-7f51d8fff000 r-xp 00000000 00:52 4246135                    /opt/java/openjdk/lib/libjaas.so
7f51d8fff000-7f51d91fe000 ---p 00001000 00:52 4246135                    /opt/java/openjdk/lib/libjaas.so
7f51d91fe000-7f51d91ff000 r--p 00000000 00:52 4246135                    /opt/java/openjdk/lib/libjaas.so
7f51d91ff000-7f51d9200000 rw-p 00001000 00:52 4246135                    /opt/java/openjdk/lib/libjaas.so
7f51d9200000-7f51d9400000 rw-p 00000000 00:00 0 
7f51d9400000-7f51d9600000 rw-p 00000000 00:00 0 
7f51d9600000-7f51d9800000 rw-p 00000000 00:00 0 
7f51d9800000-7f51d9a00000 rw-p 00000000 00:00 0 
7f51d9a00000-7f51d9c00000 rw-p 00000000 00:00 0 
7f51d9cfc000-7f51d9d00000 ---p 00000000 00:00 0 
7f51d9d00000-7f51d9dfd000 rw-p 00000000 00:00 0 
7f51d9dfd000-7f51d9dff000 r-xp 00000000 00:52 4246129                    /opt/java/openjdk/lib/libextnet.so
7f51d9dff000-7f51d9ffe000 ---p 00002000 00:52 4246129                    /opt/java/openjdk/lib/libextnet.so
7f51d9ffe000-7f51d9fff000 r--p 00001000 00:52 4246129                    /opt/java/openjdk/lib/libextnet.so
7f51d9fff000-7f51da000000 rw-p 00002000 00:52 4246129                    /opt/java/openjdk/lib/libextnet.so
7f51da000000-7f51da200000 rw-p 00000000 00:00 0 
7f51da2b8000-7f51da2bc000 ---p 00000000 00:00 0 
7f51da2bc000-7f51da3b9000 rw-p 00000000 00:00 0 
7f51da3b9000-7f51da3f9000 r-xp 00000000 00:52 4246154                    /opt/java/openjdk/lib/libsunec.so
7f51da3f9000-7f51da5f9000 ---p 00040000 00:52 4246154                    /opt/java/openjdk/lib/libsunec.so
7f51da5f9000-7f51da5fe000 r--p 00040000 00:52 4246154                    /opt/java/openjdk/lib/libsunec.so
7f51da5fe000-7f51da600000 rw-p 00045000 00:52 4246154                    /opt/java/openjdk/lib/libsunec.so
7f51da600000-7f51da7ff000 rw-p 00000000 00:00 0 
7f51da7ff000-7f51da800000 ---p 00000000 00:00 0 
7f51da800000-7f51daa00000 rw-p 00000000 00:00 0 
7f51daa00000-7f51dac00000 rw-p 00000000 00:00 0 
7f51dac00000-7f51dae00000 rw-p 00000000 00:00 0 
7f51daef3000-7f51daef7000 ---p 00000000 00:00 0 
7f51daef7000-7f51daff4000 rw-p 00000000 00:00 0 
7f51daff4000-7f51daff9000 r-xp 00000000 00:52 4246146                    /opt/java/openjdk/lib/libmanagement_ext.so
7f51daff9000-7f51db1f9000 ---p 00005000 00:52 4246146                    /opt/java/openjdk/lib/libmanagement_ext.so
7f51db1f9000-7f51db1fa000 r--p 00005000 00:52 4246146                    /opt/java/openjdk/lib/libmanagement_ext.so
7f51db1fa000-7f51db1fb000 rw-p 00006000 00:52 4246146                    /opt/java/openjdk/lib/libmanagement_ext.so
7f51db1fb000-7f51db1ff000 r-xp 00000000 00:52 4246144                    /opt/java/openjdk/lib/libmanagement.so
7f51db1ff000-7f51db3fe000 ---p 00004000 00:52 4246144                    /opt/java/openjdk/lib/libmanagement.so
7f51db3fe000-7f51db3ff000 r--p 00003000 00:52 4246144                    /opt/java/openjdk/lib/libmanagement.so
7f51db3ff000-7f51db400000 rw-p 00004000 00:52 4246144                    /opt/java/openjdk/lib/libmanagement.so
7f51db400000-7f51db600000 rw-p 00000000 00:00 0 
7f51db6d4000-7f51db6d5000 ---p 00000000 00:00 0 
7f51db6d5000-7f51db7d5000 rw-p 00000000 00:00 0 
7f51db7d5000-7f51db7d6000 ---p 00000000 00:00 0 
7f51db7d6000-7f51db8d6000 rw-p 00000000 00:00 0 
7f51db8d6000-7f51db8d7000 ---p 00000000 00:00 0 
7f51db8d7000-7f51db9d7000 rw-p 00000000 00:00 0 
7f51db9d7000-7f51db9d8000 ---p 00000000 00:00 0 
7f51db9d8000-7f51dbad8000 rw-p 00000000 00:00 0 
7f51dbad8000-7f51dbad9000 ---p 00000000 00:00 0 
7f51dbad9000-7f51dbbd9000 rw-p 00000000 00:00 0 
7f51dbbd9000-7f51dbbee000 r-xp 00000000 00:52 4246148                    /opt/java/openjdk/lib/libnet.so
7f51dbbee000-7f51dbded000 ---p 00015000 00:52 4246148                    /opt/java/openjdk/lib/libnet.so
7f51dbded000-7f51dbdee000 r--p 00014000 00:52 4246148                    /opt/java/openjdk/lib/libnet.so
7f51dbdee000-7f51dbdef000 rw-p 00015000 00:52 4246148                    /opt/java/openjdk/lib/libnet.so
7f51dbdef000-7f51dbdff000 r-xp 00000000 00:52 4246149                    /opt/java/openjdk/lib/libnio.so
7f51dbdff000-7f51dbffe000 ---p 00010000 00:52 4246149                    /opt/java/openjdk/lib/libnio.so
7f51dbffe000-7f51dbfff000 r--p 0000f000 00:52 4246149                    /opt/java/openjdk/lib/libnio.so
7f51dbfff000-7f51dc000000 rw-p 00010000 00:52 4246149                    /opt/java/openjdk/lib/libnio.so
7f51dc000000-7f51dc021000 rw-p 00000000 00:00 0 
7f51dc021000-7f51e0000000 ---p 00000000 00:00 0 
7f51e0000000-7f51e0021000 rw-p 00000000 00:00 0 
7f51e0021000-7f51e4000000 ---p 00000000 00:00 0 
7f51e4000000-7f51e6748000 rw-p 00000000 00:00 0 
7f51e6748000-7f51e8000000 ---p 00000000 00:00 0 
7f51e8000000-7f51e8fdc000 rw-p 00000000 00:00 0 
7f51e8fdc000-7f51ec000000 ---p 00000000 00:00 0 
7f51ec000000-7f51ec021000 rw-p 00000000 00:00 0 
7f51ec021000-7f51f0000000 ---p 00000000 00:00 0 
7f51f0000000-7f51f0021000 rw-p 00000000 00:00 0 
7f51f0021000-7f51f4000000 ---p 00000000 00:00 0 
7f51f4000000-7f51f4021000 rw-p 00000000 00:00 0 
7f51f4021000-7f51f8000000 ---p 00000000 00:00 0 
7f51f8000000-7f51f8021000 rw-p 00000000 00:00 0 
7f51f8021000-7f51fc000000 ---p 00000000 00:00 0 
7f51fc000000-7f51fc021000 rw-p 00000000 00:00 0 
7f51fc021000-7f5200000000 ---p 00000000 00:00 0 
7f5200000000-7f5200abc000 rw-p 00000000 00:00 0 
7f5200abc000-7f5204000000 ---p 00000000 00:00 0 
7f5204000000-7f5204021000 rw-p 00000000 00:00 0 
7f5204021000-7f5208000000 ---p 00000000 00:00 0 
7f520800f000-7f5208010000 ---p 00000000 00:00 0 
7f5208010000-7f5208110000 rw-p 00000000 00:00 0 
7f5208110000-7f5208111000 ---p 00000000 00:00 0 
7f5208111000-7f5208211000 rw-p 00000000 00:00 0 
7f5208211000-7f5208215000 ---p 00000000 00:00 0 
7f5208215000-7f5208312000 rw-p 00000000 00:00 0 
7f5208312000-7f5208316000 ---p 00000000 00:00 0 
7f5208316000-7f5208413000 rw-p 00000000 00:00 0 
7f5208413000-7f5208417000 ---p 00000000 00:00 0 
7f5208417000-7f5208514000 rw-p 00000000 00:00 0 
7f5208514000-7f5208518000 ---p 00000000 00:00 0 
7f5208518000-7f5208615000 rw-p 00000000 00:00 0 
7f5208615000-7f5208619000 ---p 00000000 00:00 0 
7f5208619000-7f5208716000 rw-p 00000000 00:00 0 
7f5208716000-7f520871a000 ---p 00000000 00:00 0 
7f520871a000-7f5208817000 rw-p 00000000 00:00 0 
7f5208817000-7f5208afd000 r--p 00000000 00:52 4242601                    /usr/lib/locale/locale-archive
7f5208afd000-7f5208b01000 ---p 00000000 00:00 0 
7f5208b01000-7f5208bfe000 rw-p 00000000 00:00 0 
7f5208bfe000-7f5208c02000 ---p 00000000 00:00 0 
7f5208c02000-7f5208cff000 rw-p 00000000 00:00 0 
7f5208cff000-7f5208d00000 ---p 00000000 00:00 0 
7f5208d00000-7f5208e00000 rw-p 00000000 00:00 0 
7f5208e00000-7f5209600000 rw-p 00000000 00:00 0 
7f52096f7000-7f52096f8000 ---p 00000000 00:00 0 
7f52096f8000-7f52097f8000 rw-p 00000000 00:00 0 
7f52097f8000-7f52097f9000 ---p 00000000 00:00 0 
7f52097f9000-7f52098f9000 rw-p 00000000 00:00 0 
7f52098f9000-7f520c000000 rw-p 00000000 00:00 0 
7f520c000000-7f520c021000 rw-p 00000000 00:00 0 
7f520c021000-7f5210000000 ---p 00000000 00:00 0 
7f5210000000-7f5210038000 rw-p 00000000 00:00 0 
7f5210038000-7f5214000000 ---p 00000000 00:00 0 
7f5214000000-7f521406a000 rw-p 00000000 00:00 0 
7f521406a000-7f5218000000 ---p 00000000 00:00 0 
7f52180fd000-7f52181fe000 rw-p 00000000 00:00 0 
7f52181fe000-7f52181ff000 ---p 00000000 00:00 0 
7f52181ff000-7f52182ff000 rw-p 00000000 00:00 0 
7f52182ff000-7f5218300000 ---p 00000000 00:00 0 
7f5218300000-7f5218400000 rw-p 00000000 00:00 0 
7f5218400000-7f52187e0000 rw-p 00000000 00:00 0 
7f52187e0000-7f52193f0000 ---p 00000000 00:00 0 
7f52193f0000-7f52193f4000 rw-p 00000000 00:00 0 
7f52193f4000-7f52193f8000 ---p 00000000 00:00 0 
7f52193f8000-7f52193fc000 rw-p 00000000 00:00 0 
7f52193fc000-7f5219400000 ---p 00000000 00:00 0 
7f5219400000-7f52197e0000 rw-p 00000000 00:00 0 
7f52197e0000-7f521a3f0000 ---p 00000000 00:00 0 
7f521a3f0000-7f521a3f4000 rw-p 00000000 00:00 0 
7f521a3f4000-7f521a3f8000 ---p 00000000 00:00 0 
7f521a3f8000-7f521a3fc000 rw-p 00000000 00:00 0 
7f521a3fc000-7f521a400000 ---p 00000000 00:00 0 
7f521a400000-7f521a47c000 rw-p 00000000 00:00 0 
7f521a47c000-7f521a5fe000 ---p 00000000 00:00 0 
7f521a5fe000-7f521a67c000 rw-p 00000000 00:00 0 
7f521a67c000-7f521a7fe000 ---p 00000000 00:00 0 
7f521a7fe000-7f521a87c000 rw-p 00000000 00:00 0 
7f521a87c000-7f521a9fe000 ---p 00000000 00:00 0 
7f521a9fe000-7f521aa00000 rw-p 00000000 00:00 0 
7f521aa23000-7f521aa27000 ---p 00000000 00:00 0 
7f521aa27000-7f521aa45000 rw-p 00000000 00:00 0 
7f521aa45000-7f521b2ff000 rw-p 00000000 00:00 0 
7f521b2ff000-7f521b300000 ---p 00000000 00:00 0 
7f521b300000-7f521b400000 rw-p 00000000 00:00 0 
7f521b400000-7f521b670000 rwxp 00000000 00:00 0 
7f521b670000-7f521b991000 ---p 00000000 00:00 0 
7f521b991000-7f521da51000 rwxp 00000000 00:00 0 
7f521da51000-7f5222ec8000 ---p 00000000 00:00 0 
7f5222ec8000-7f5223938000 rwxp 00000000 00:00 0 
7f5223938000-7f522a400000 ---p 00000000 00:00 0 
7f522a406000-7f522a40d000 r--s 00000000 00:52 4239810                    /usr/lib/x86_64-linux-gnu/gconv/gconv-modules.cache
7f522a40d000-7f522a411000 r--p 00000000 00:52 4239937                    /usr/lib/x86_64-linux-gnu/libresolv-2.31.so
7f522a411000-7f522a421000 r-xp 00004000 00:52 4239937                    /usr/lib/x86_64-linux-gnu/libresolv-2.31.so
7f522a421000-7f522a425000 r--p 00014000 00:52 4239937                    /usr/lib/x86_64-linux-gnu/libresolv-2.31.so
7f522a425000-7f522a426000 r--p 00017000 00:52 4239937                    /usr/lib/x86_64-linux-gnu/libresolv-2.31.so
7f522a426000-7f522a427000 rw-p 00018000 00:52 4239937                    /usr/lib/x86_64-linux-gnu/libresolv-2.31.so
7f522a427000-7f522a4ac000 rw-p 00000000 00:00 0 
7f522a4ac000-7f5230000000 r--s 00000000 00:52 4246158                    /opt/java/openjdk/lib/modules
7f5230000000-7f5233ffe000 rw-p 00000000 00:00 0 
7f5233ffe000-7f5234000000 ---p 00000000 00:00 0 
7f5234002000-7f5234003000 r--p 00000000 00:52 4239903                    /usr/lib/x86_64-linux-gnu/libnss_dns-2.31.so
7f5234003000-7f5234007000 r-xp 00001000 00:52 4239903                    /usr/lib/x86_64-linux-gnu/libnss_dns-2.31.so
7f5234007000-7f5234008000 r--p 00005000 00:52 4239903                    /usr/lib/x86_64-linux-gnu/libnss_dns-2.31.so
7f5234008000-7f5234009000 r--p 00005000 00:52 4239903                    /usr/lib/x86_64-linux-gnu/libnss_dns-2.31.so
7f5234009000-7f523400a000 rw-p 00006000 00:52 4239903                    /usr/lib/x86_64-linux-gnu/libnss_dns-2.31.so
7f523400a000-7f52340a4000 rw-p 00000000 00:00 0 
7f52340a4000-7f523417a000 ---p 00000000 00:00 0 
7f523417a000-7f52341bc000 rw-p 00000000 00:00 0 
7f52341bc000-7f5234265000 ---p 00000000 00:00 0 
7f5234265000-7f523426a000 rw-p 00000000 00:00 0 
7f523426a000-7f5234271000 ---p 00000000 00:00 0 
7f5234271000-7f523428c000 r-xp 00000000 00:52 4246157                    /opt/java/openjdk/lib/libzip.so
7f523428c000-7f523448b000 ---p 0001b000 00:52 4246157                    /opt/java/openjdk/lib/libzip.so
7f523448b000-7f523448c000 r--p 0001a000 00:52 4246157                    /opt/java/openjdk/lib/libzip.so
7f523448c000-7f523448d000 rw-p 0001b000 00:52 4246157                    /opt/java/openjdk/lib/libzip.so
7f523448d000-7f5234495000 rw-s 00000000 00:52 4347947                    /tmp/hsperfdata_root/1
7f5234495000-7f5234498000 r--p 00000000 00:52 4239905                    /usr/lib/x86_64-linux-gnu/libnss_files-2.31.so
7f5234498000-7f523449f000 r-xp 00003000 00:52 4239905                    /usr/lib/x86_64-linux-gnu/libnss_files-2.31.so
7f523449f000-7f52344a1000 r--p 0000a000 00:52 4239905                    /usr/lib/x86_64-linux-gnu/libnss_files-2.31.so
7f52344a1000-7f52344a2000 r--p 0000b000 00:52 4239905                    /usr/lib/x86_64-linux-gnu/libnss_files-2.31.so
7f52344a2000-7f52344a3000 rw-p 0000c000 00:52 4239905                    /usr/lib/x86_64-linux-gnu/libnss_files-2.31.so
7f52344a3000-7f52344a9000 rw-p 00000000 00:00 0 
7f52344ae000-7f52344c9000 r-xp 00000000 00:52 4246140                    /opt/java/openjdk/lib/libjimage.so
7f52344c9000-7f52346c8000 ---p 0001b000 00:52 4246140                    /opt/java/openjdk/lib/libjimage.so
7f52346c8000-7f52346ca000 r--p 0001a000 00:52 4246140                    /opt/java/openjdk/lib/libjimage.so
7f52346ca000-7f52346cb000 rw-p 0001c000 00:52 4246140                    /opt/java/openjdk/lib/libjimage.so
7f52346cb000-7f52346f4000 r-xp 00000000 00:52 4246136                    /opt/java/openjdk/lib/libjava.so
7f52346f4000-7f52348f3000 ---p 00029000 00:52 4246136                    /opt/java/openjdk/lib/libjava.so
7f52348f3000-7f52348f4000 r--p 00028000 00:52 4246136                    /opt/java/openjdk/lib/libjava.so
7f52348f4000-7f52348f5000 rw-p 00029000 00:52 4246136                    /opt/java/openjdk/lib/libjava.so
7f52348f5000-7f52348f6000 rw-p 00000000 00:00 0 
7f52348f6000-7f5234903000 r-xp 00000000 00:52 4246156                    /opt/java/openjdk/lib/libverify.so
7f5234903000-7f5234b02000 ---p 0000d000 00:52 4246156                    /opt/java/openjdk/lib/libverify.so
7f5234b02000-7f5234b04000 r--p 0000c000 00:52 4246156                    /opt/java/openjdk/lib/libverify.so
7f5234b04000-7f5234b05000 rw-p 0000e000 00:52 4246156                    /opt/java/openjdk/lib/libverify.so
7f5234b05000-7f5234b07000 r--p 00000000 00:52 4239939                    /usr/lib/x86_64-linux-gnu/librt-2.31.so
7f5234b07000-7f5234b0b000 r-xp 00002000 00:52 4239939                    /usr/lib/x86_64-linux-gnu/librt-2.31.so
7f5234b0b000-7f5234b0d000 r--p 00006000 00:52 4239939                    /usr/lib/x86_64-linux-gnu/librt-2.31.so
7f5234b0d000-7f5234b0e000 r--p 00007000 00:52 4239939                    /usr/lib/x86_64-linux-gnu/librt-2.31.so
7f5234b0e000-7f5234b0f000 rw-p 00008000 00:52 4239939                    /usr/lib/x86_64-linux-gnu/librt-2.31.so
7f5234b0f000-7f5234b13000 ---p 00000000 00:00 0 
7f5234b13000-7f5234c10000 rw-p 00000000 00:00 0 
7f5234c10000-7f5234c1d000 r--p 00000000 00:52 4239882                    /usr/lib/x86_64-linux-gnu/libm-2.31.so
7f5234c1d000-7f5234cc4000 r-xp 0000d000 00:52 4239882                    /usr/lib/x86_64-linux-gnu/libm-2.31.so
7f5234cc4000-7f5234d5d000 r--p 000b4000 00:52 4239882                    /usr/lib/x86_64-linux-gnu/libm-2.31.so
7f5234d5d000-7f5234d5e000 r--p 0014c000 00:52 4239882                    /usr/lib/x86_64-linux-gnu/libm-2.31.so
7f5234d5e000-7f5234d5f000 rw-p 0014d000 00:52 4239882                    /usr/lib/x86_64-linux-gnu/libm-2.31.so
7f5234d5f000-7f5235fe1000 r-xp 00000000 00:52 4246170                    /opt/java/openjdk/lib/server/libjvm.so
7f5235fe1000-7f52361e0000 ---p 01282000 00:52 4246170                    /opt/java/openjdk/lib/server/libjvm.so
7f52361e0000-7f52362a6000 r--p 01281000 00:52 4246170                    /opt/java/openjdk/lib/server/libjvm.so
7f52362a6000-7f52362e1000 rw-p 01347000 00:52 4246170                    /opt/java/openjdk/lib/server/libjvm.so
7f52362e1000-7f523633b000 rw-p 00000000 00:00 0 
7f523633b000-7f523635d000 r--p 00000000 00:52 4239840                    /usr/lib/x86_64-linux-gnu/libc-2.31.so
7f523635d000-7f52364d5000 r-xp 00022000 00:52 4239840                    /usr/lib/x86_64-linux-gnu/libc-2.31.so
7f52364d5000-7f5236523000 r--p 0019a000 00:52 4239840                    /usr/lib/x86_64-linux-gnu/libc-2.31.so
7f5236523000-7f5236527000 r--p 001e7000 00:52 4239840                    /usr/lib/x86_64-linux-gnu/libc-2.31.so
7f5236527000-7f5236529000 rw-p 001eb000 00:52 4239840                    /usr/lib/x86_64-linux-gnu/libc-2.31.so
7f5236529000-7f523652d000 rw-p 00000000 00:00 0 
7f523652d000-7f523652e000 r--p 00000000 00:52 4239851                    /usr/lib/x86_64-linux-gnu/libdl-2.31.so
7f523652e000-7f5236530000 r-xp 00001000 00:52 4239851                    /usr/lib/x86_64-linux-gnu/libdl-2.31.so
7f5236530000-7f5236531000 r--p 00003000 00:52 4239851                    /usr/lib/x86_64-linux-gnu/libdl-2.31.so
7f5236531000-7f5236532000 r--p 00003000 00:52 4239851                    /usr/lib/x86_64-linux-gnu/libdl-2.31.so
7f5236532000-7f5236533000 rw-p 00004000 00:52 4239851                    /usr/lib/x86_64-linux-gnu/libdl-2.31.so
7f5236533000-7f523654d000 r-xp 00000000 00:52 4246121                    /opt/java/openjdk/lib/jli/libjli.so
7f523654d000-7f523674d000 ---p 0001a000 00:52 4246121                    /opt/java/openjdk/lib/jli/libjli.so
7f523674d000-7f523674e000 r--p 0001a000 00:52 4246121                    /opt/java/openjdk/lib/jli/libjli.so
7f523674e000-7f523674f000 rw-p 0001b000 00:52 4246121                    /opt/java/openjdk/lib/jli/libjli.so
7f523674f000-7f5236755000 r--p 00000000 00:52 4239935                    /usr/lib/x86_64-linux-gnu/libpthread-2.31.so
7f5236755000-7f5236766000 r-xp 00006000 00:52 4239935                    /usr/lib/x86_64-linux-gnu/libpthread-2.31.so
7f5236766000-7f523676c000 r--p 00017000 00:52 4239935                    /usr/lib/x86_64-linux-gnu/libpthread-2.31.so
7f523676c000-7f523676d000 r--p 0001c000 00:52 4239935                    /usr/lib/x86_64-linux-gnu/libpthread-2.31.so
7f523676d000-7f523676e000 rw-p 0001d000 00:52 4239935                    /usr/lib/x86_64-linux-gnu/libpthread-2.31.so
7f523676e000-7f5236774000 rw-p 00000000 00:00 0 
7f5236777000-7f5236778000 ---p 00000000 00:00 0 
7f5236778000-7f5236779000 r--p 00000000 00:00 0 
7f5236779000-7f523677d000 r--p 00000000 00:00 0                          [vvar]
7f523677d000-7f523677f000 r--p 00000000 00:00 0                          [vvar_vclock]
7f523677f000-7f5236781000 r-xp 00000000 00:00 0                          [vdso]
7f5236781000-7f5236782000 r--p 00000000 00:52 4239818                    /usr/lib/x86_64-linux-gnu/ld-2.31.so
7f5236782000-7f52367a5000 r-xp 00001000 00:52 4239818                    /usr/lib/x86_64-linux-gnu/ld-2.31.so
7f52367a5000-7f52367ad000 r--p 00024000 00:52 4239818                    /usr/lib/x86_64-linux-gnu/ld-2.31.so
7f52367ae000-7f52367af000 r--p 0002c000 00:52 4239818                    /usr/lib/x86_64-linux-gnu/ld-2.31.so
7f52367af000-7f52367b0000 rw-p 0002d000 00:52 4239818                    /usr/lib/x86_64-linux-gnu/ld-2.31.so
7f52367b0000-7f52367b1000 rw-p 00000000 00:00 0 
7ffded7c8000-7ffded7e9000 rw-p 00000000 00:00 0                          [stack]
ffffffffff600000-ffffffffff601000 --xp 00000000 00:00 0                  [vsyscall]


VM Arguments:
jvm_args: -Xmx1g -XX:+IgnoreUnrecognizedVMOptions --add-opens=java.base/java.lang=ALL-UNNAMED --add-opens=java.base/java.lang.invoke=ALL-UNNAMED --add-opens=java.base/java.lang.reflect=ALL-UNNAMED --add-opens=java.base/java.io=ALL-UNNAMED --add-opens=java.base/java.net=ALL-UNNAMED --add-opens=java.base/java.nio=ALL-UNNAMED --add-opens=java.base/java.util=ALL-UNNAMED --add-opens=java.base/java.util.concurrent=ALL-UNNAMED --add-opens=java.base/java.util.concurrent.atomic=ALL-UNNAMED --add-opens=java.base/jdk.internal.ref=ALL-UNNAMED --add-opens=java.base/sun.nio.ch=ALL-UNNAMED --add-opens=java.base/sun.nio.cs=ALL-UNNAMED --add-opens=java.base/sun.security.action=ALL-UNNAMED --add-opens=java.base/sun.util.calendar=ALL-UNNAMED --add-opens=java.security.jgss/sun.security.krb5=ALL-UNNAMED -Djdk.reflect.useDirectMethodHandle=false 
java_command: org.apache.spark.deploy.SparkSubmit --master spark://spark-master:7077 --class es.upm.dit.ging.predictor.MakePrediction --packages org.mongodb.spark:mongo-spark-connector_2.12:10.4.1,org.apache.spark:spark-sql-kafka-0-10_2.12:3.5.3 target/scala-2.12/flight_prediction_2.12-0.1.jar
java_class_path (initial): /opt/spark/conf:/opt/spark/jars/HikariCP-2.5.1.jar:/opt/spark/jars/JLargeArrays-1.5.jar:/opt/spark/jars/JTransforms-3.1.jar:/opt/spark/jars/RoaringBitmap-0.9.45.jar:/opt/spark/jars/ST4-4.0.4.jar:/opt/spark/jars/activation-1.1.1.jar:/opt/spark/jars/aircompressor-0.27.jar:/opt/spark/jars/algebra_2.12-2.0.1.jar:/opt/spark/jars/annotations-17.0.0.jar:/opt/spark/jars/antlr-runtime-3.5.2.jar:/opt/spark/jars/antlr4-runtime-4.9.3.jar:/opt/spark/jars/aopalliance-repackaged-2.6.1.jar:/opt/spark/jars/arpack-3.0.3.jar:/opt/spark/jars/arpack_combined_all-0.1.jar:/opt/spark/jars/arrow-format-12.0.1.jar:/opt/spark/jars/arrow-memory-core-12.0.1.jar:/opt/spark/jars/arrow-memory-netty-12.0.1.jar:/opt/spark/jars/arrow-vector-12.0.1.jar:/opt/spark/jars/audience-annotations-0.5.0.jar:/opt/spark/jars/avro-1.11.2.jar:/opt/spark/jars/avro-ipc-1.11.2.jar:/opt/spark/jars/avro-mapred-1.11.2.jar:/opt/spark/jars/blas-3.0.3.jar:/opt/spark/jars/bonecp-0.8.0.RELEASE.jar:/opt/spark/jars/breeze-macros_2.12-2.1.0.jar:/opt/spark/jars/breeze_2.12-2.1.0.jar:/opt/spark/jars/cats-kernel_2.12-2.1.1.jar:/opt/spark/jars/chill-java-0.10.0.jar:/opt/spark/jars/chill_2.12-0.10.0.jar:/opt/spark/jars/commons-cli-1.5.0.jar:/opt/spark/jars/commons-codec-1.16.1.jar:/opt/spark/jars/commons-collections-3.2.2.jar:/opt/spark/jars/commons-collections4-4.4.jar:/opt/spark/jars/commons-compiler-3.1.9.jar:/opt/spark/jars/commons-compress-1.23.0.jar:/opt/spark/jars/commons-crypto-1.1.0.jar:/opt/spark/jars/commons-dbcp-1.4.jar:/opt/spark/jars/commons-io-2.16.1.jar:/opt/spark/jars/commons-lang-2.6.jar:/opt/spark/jars/commons-lang3-3.12.0.jar:/opt/spark/jars/commons-logging-1.1.3.jar:/opt/spark/jars/commons-math3-3.6.1.jar:/opt/spark/jars/commons-pool-1.5.4.jar:/opt/spark/jars/commons-text-1.10.0.jar:/opt/spark/jars/compress-lzf-1.1.2.jar:/opt/spark/jars/curator-client-2.13.0.jar:/opt/spark/jars/curator-framework-2.13.0.jar:/opt/spark/jars/curator-recipes-2.13.0.jar:/opt/spark/jars/datanucleus-api-jdo
Launcher Type: SUN_STANDARD

[Global flags]
     intx CICompilerCount                          = 4                                         {product} {ergonomic}
     uint ConcGCThreads                            = 2                                         {product} {ergonomic}
     uint G1ConcRefinementThreads                  = 8                                         {product} {ergonomic}
   size_t G1HeapRegionSize                         = 1048576                                   {product} {ergonomic}
    uintx GCDrainStackTargetSize                   = 64                                        {product} {ergonomic}
     bool IgnoreUnrecognizedVMOptions              = true                                      {product} {command line}
   size_t InitialHeapSize                          = 260046848                                 {product} {ergonomic}
   size_t MarkStackSize                            = 4194304                                   {product} {ergonomic}
   size_t MaxHeapSize                              = 1073741824                                {product} {command line}
   size_t MaxNewSize                               = 643825664                                 {product} {ergonomic}
   size_t MinHeapDeltaBytes                        = 1048576                                   {product} {ergonomic}
    uintx NonNMethodCodeHeapSize                   = 5836300                                {pd product} {ergonomic}
    uintx NonProfiledCodeHeapSize                  = 122910970                              {pd product} {ergonomic}
    uintx ProfiledCodeHeapSize                     = 122910970                              {pd product} {ergonomic}
    uintx ReservedCodeCacheSize                    = 251658240                              {pd product} {ergonomic}
     bool SegmentedCodeCache                       = true                                      {product} {ergonomic}
     bool UseCompressedClassPointers               = true                                 {lp64_product} {ergonomic}
     bool UseCompressedOops                        = true                                 {lp64_product} {ergonomic}
     bool UseG1GC                                  = true                                      {product} {ergonomic}

Logging:
Log output configuration:
 #0: stdout all=warning uptime,level,tags
 #1: stderr all=off uptime,level,tags

Environment Variables:
JAVA_HOME=/opt/java/openjdk
PATH=/opt/java/openjdk/bin:/usr/local/sbin:/usr/local/bin:/usr/sbin:/usr/bin:/sbin:/bin
LANG=en_US.UTF-8
LC_ALL=en_US.UTF-8

Signal Handlers:
SIGSEGV: [libjvm.so+0xf51350], sa_mask[0]=11111111011111111101111111111110, sa_flags=SA_RESTART|SA_SIGINFO
SIGBUS: [libjvm.so+0xf51350], sa_mask[0]=11111111011111111101111111111110, sa_flags=SA_RESTART|SA_SIGINFO
SIGFPE: [libjvm.so+0xf51350], sa_mask[0]=11111111011111111101111111111110, sa_flags=SA_RESTART|SA_SIGINFO
SIGPIPE: [libjvm.so+0xc72290], sa_mask[0]=11111111011111111101111111111110, sa_flags=SA_RESTART|SA_SIGINFO
SIGXFSZ: [libjvm.so+0xc72290], sa_mask[0]=11111111011111111101111111111110, sa_flags=SA_RESTART|SA_SIGINFO
SIGILL: [libjvm.so+0xf51350], sa_mask[0]=11111111011111111101111111111110, sa_flags=SA_RESTART|SA_SIGINFO
SIGUSR2: [libjvm.so+0xc72130], sa_mask[0]=00000000000000000000000000000000, sa_flags=SA_RESTART|SA_SIGINFO
SIGHUP: [libjvm.so+0xc726a0], sa_mask[0]=11111111011111111101111111111110, sa_flags=SA_RESTART|SA_SIGINFO
SIGINT: [libjvm.so+0xc726a0], sa_mask[0]=11111111011111111101111111111110, sa_flags=SA_RESTART|SA_SIGINFO
SIGTERM: [libjvm.so+0xc726a0], sa_mask[0]=11111111011111111101111111111110, sa_flags=SA_RESTART|SA_SIGINFO
SIGQUIT: [libjvm.so+0xc726a0], sa_mask[0]=11111111011111111101111111111110, sa_flags=SA_RESTART|SA_SIGINFO


---------------  S Y S T E M  ---------------

OS:DISTRIB_ID=Ubuntu
DISTRIB_RELEASE=20.04
DISTRIB_CODENAME=focal
DISTRIB_DESCRIPTION="Ubuntu 20.04.6 LTS"
uname:Linux 6.17.8-arch1-1 #1 SMP PREEMPT_DYNAMIC Fri, 14 Nov 2025 06:54:20 +0000 x86_64
OS uptime: 0 days 14:07 hours
libc:glibc 2.31 NPTL 2.31 
rlimit (soft/hard): STACK 8192k/infinity , CORE infinity/infinity , NPROC infinity/infinity , NOFILE 524288/524288 , AS infinity/infinity , CPU infinity/infinity , DATA infinity/infinity , FSIZE infinity/infinity , MEMLOCK 8192k/8192k
load average:2.00 2.30 2.10

/proc/meminfo:
MemTotal:       16208588 kB
MemFree:         1951268 kB
MemAvailable:    4811928 kB
Buffers:              24 kB
Cached:          3847080 kB
SwapCached:         6764 kB
Active:          3595052 kB
Inactive:        8040028 kB
Active(anon):    3007900 kB
Inactive(anon):  6072612 kB
Active(file):     587152 kB
Inactive(file):  1967416 kB
Unevictable:      151116 kB
Mlocked:             168 kB
SwapTotal:       4194300 kB
SwapFree:          13392 kB
Zswap:                 0 kB
Zswapped:              0 kB
Dirty:              1692 kB
Writeback:             0 kB
AnonPages:       7769212 kB
Mapped:          1439956 kB
Shmem:           1292636 kB
KReclaimable:     647516 kB
Slab:             890452 kB
SReclaimable:     647516 kB
SUnreclaim:       242936 kB
KernelStack:       37864 kB
PageTables:       129288 kB
SecPageTables:      2056 kB
NFS_Unstable:          0 kB
Bounce:                0 kB
WritebackTmp:          0 kB
CommitLimit:    12298592 kB
Committed_AS:   67346288 kB
VmallocTotal:   34359738367 kB
VmallocUsed:      262256 kB
VmallocChunk:          0 kB
Percpu:             6336 kB
HardwareCorrupted:     0 kB
AnonHugePages:    733184 kB
ShmemHugePages:        0 kB
ShmemPmdMapped:        0 kB
FileHugePages:    178176 kB
FilePmdMapped:    165888 kB
CmaTotal:              0 kB
CmaFree:               0 kB
Unaccepted:            0 kB
Balloon:               0 kB
HugePages_Total:       0
HugePages_Free:        0
HugePages_Rsvd:        0
HugePages_Surp:        0
Hugepagesize:       2048 kB
Hugetlb:               0 kB
DirectMap4k:     1381412 kB
DirectMap2M:    14186496 kB
DirectMap1G:     1048576 kB

/sys/kernel/mm/transparent_hugepage/enabled:
[always] madvise never
/sys/kernel/mm/transparent_hugepage/defrag (defrag/compaction efforts parameter):
always defer defer+madvise [madvise] never

Process Memory:
Virtual Size: 7092512K (peak: 12410436K)
Resident Set Size: 694744K (peak: 705104K) (anon: 666740K, file: 28004K, shmem: 0K)
Swapped out: 1052K
C-Heap outstanding allocations: 133824K, retained: 90203K
glibc malloc tunables: (default)

/proc/sys/kernel/threads-max (system-wide limit on the number of threads):
123886
/proc/sys/vm/max_map_count (maximum number of memory map areas a process may have):
1048576
/proc/sys/kernel/pid_max (system-wide limit on number of process identifiers):
4194304

container information not found.
Steal ticks since vm start: 0
Steal ticks percentage since vm start:  0.000

CPU:total 8 (initial active 8) (4 cores per cpu, 2 threads per core) family 6 model 142 stepping 11 microcode 0xf6, cmov, cx8, fxsr, mmx, sse, sse2, sse3, ssse3, sse4.1, sse4.2, popcnt, avx, avx2, aes, clmul, erms, 3dnowpref, lzcnt, ht, tsc, tscinvbit, bmi1, bmi2, adx, fma
CPU Model and flags from /proc/cpuinfo:
model name	: Intel(R) Core(TM) i7-8565U CPU @ 1.80GHz
flags		: fpu vme de pse tsc msr pae mce cx8 apic sep mtrr pge mca cmov pat pse36 clflush dts acpi mmx fxsr sse sse2 ss ht tm pbe syscall nx pdpe1gb rdtscp lm constant_tsc art arch_perfmon pebs bts rep_good nopl xtopology nonstop_tsc cpuid aperfmperf pni pclmulqdq dtes64 monitor ds_cpl vmx est tm2 ssse3 sdbg fma cx16 xtpr pdcm pcid sse4_1 sse4_2 x2apic movbe popcnt tsc_deadline_timer aes xsave avx f16c rdrand lahf_lm abm 3dnowprefetch cpuid_fault epb ssbd ibrs ibpb stibp tpr_shadow flexpriority ept vpid ept_ad fsgsbase tsc_adjust bmi1 avx2 smep bmi2 erms invpcid mpx rdseed adx smap clflushopt intel_pt xsaveopt xsavec xgetbv1 xsaves dtherm ida arat pln pts hwp hwp_notify hwp_act_window hwp_epp vnmi md_clear flush_l1d arch_capabilities
Online cpus:
0-7
Offline cpus:

BIOS frequency limitation:
<Not Available>
Frequency switch latency (ns):
0
Available cpu frequencies:
<Not Available>
Current governor:
powersave
Core performance/turbo boost:
<Not Available>

Memory: 4k page, physical 16208588k(1972328k free), swap 4194300k(13408k free)

vm_info: OpenJDK 64-Bit Server VM (11.0.24+8) for linux-amd64 JRE (11.0.24+8), built on Jul 17 2024 01:04:23 by "" with gcc 7.5.0

END.
